RazaoSocial;UF;CNPJ;DespesaTotal;MediaTrimestral;DesvioPadraoTrimestral
Reg. ANS 5711;N/D;N/D;262285928340.74;87428642780.25;46263968854.62
Reg. ANS 6246;N/D;N/D;198111767416.83;66037255805.61;34292064693.58
AMIL ASSISTÃNCIA MÃDICA INTERNACIONAL S.A.;SP;29309127000179;171631749683.66;57210583227.89;29471070929.92
HAPVIDA ASSISTENCIA MEDICA S.A.;CE;63554067000198;78208567019.23;26069522339.74;14112104163.13
NOTRE DAME INTERMÃDICA SAÃDE S.A.;SP;44649812000138;77897275980.1;25965758660.03;14009734510.75
CAIXA DE ASSISTÃNCIA DOS FUNCIONÃRIOS DO BANCO DO BRASIL;DF;33719485000127;59959685982.12;19986561994.04;10656276379.73
UNIMED NACIONAL - COOPERATIVA CENTRAL;SP;02812468000106;56769311610.27;18923103870.09;9589127501.57
Reg. ANS 582;N/D;N/D;46052999084.89;15350999694.96;8455551008.35
UNIMED BELO HORIZONTE COOPERATIVA DE TRABALHO MÃDICO;MG;16513178000176;44240050808.8;14746683602.93;7813827436.32
PREVENT SENIOR PRIVATE OPERADORA DE SAÃDE LTDA;SP;00461479000163;43792594425.88;14597531475.29;7539549971.7
UNIMED DE CIANORTE - COOPERATIVA DE TRABALHO MEDICO ;PR;81733115000197;43140796228.64;14380265409.55;76676736.72
GEAP AUTOGESTÃO EM SAÃDE;DF;03658432000182;41193486334.28;13731162111.43;7188979514.82
Reg. ANS 701;N/D;N/D;40041303235.22;13347101078.41;7193850314.71
UNIMED DO EST. DO RJ FEDERAÃÃO EST. DAS COOPERATIVAS MÃDICAS;RJ;31432792000105;38733966256.96;12911322085.65;6110880115.62
UNIMED PORTO ALEGRE - COOPERATIVA MÃDICA LTDA.;RS;87096616000196;29610407113.6;9870135704.53;5298073625.86
UNIMED CURITIBA - SOCIEDADE COOPERATIVA DE MÃDICOS;PR;75055772000120;26460699928.8;8820233309.6;4731945494.04
UNIMED CAMPINAS - COOPERATIVA DE TRABALHO MÃDICO;SP;46124624000111;24440374612.86;8146791537.62;4303838651.27
UNIMED DE FORTALEZA SOCIEDADE COOPERATIVA MÃDICA LTDA.;CE;05868278000107;20620763357.34;6873587785.78;3595614030.22
UNIMED GOIANIA COOPERATIVA DE TRABALHO MÃDICO;GO;02476067000122;19935480274.76;6645160091.59;3387232168.42
OMINT SERVIÃOS DE SAÃDE S.A.;SP;44673382000190;18105486225.12;6035162075.04;3277914957.23
FUNDAÃÃO SAÃDE ITAÃ;MG;73809352000166;17083179546.11;5694393182.04;3009696523.28
GRUPO HOSPITALAR DO RIO DE JANEIRO LTDA;RJ;31925548000176;15993040012.48;5331013337.49;2810937267.71
UNIMED FRANCISCO BELTRAO COOPERATIVA DE TRABALHO MEDICO;PR;81710543000102;15899742892.11;5299914297.37;2805438429.28
SERV  SOCIAL AUTÃNOMO DE ASSIST Ã SAÃDE DOS SERV PÃBLICOS E MILITARES DE GOIÃS;GO;50565317000143;15691803339.87;7845901669.94;2213999704.07
CARE PLUS MEDICINA ASSISTENCIAL LTDA.;SP;02725347000127;15576448423.61;5192149474.54;2811522206.7
UNIMED VITORIA COOPERATIVA DE TRABALHO MEDICO;ES;27578434000120;15001256660.82;5000418886.94;2651729457.07
UNIMED RECIFE COOPERATIVA DE TRABALHO MÃDICO;PE;11214624000128;12169904774.11;4056634924.7;2116040167.91
FUNDAÃÃO CESP;SP;62465117000106;12096060731.58;4032020243.86;2154675106.67
UNIMED BELÃM COOPERATIVA DE TRABALHO MÃDICO;PA;04201372000137;11759455493.6;3919818497.87;1965207891.04
SAMEDIL SERVIÃOS DE ATENDIMENTO MÃDICO S/A;ES;31466949000105;11739066394.66;3913022131.55;2213897248.33
UNIMED DO ESTADO DE SÃO PAULO - FEDERAÃÃO ESTADUAL DAS COOP. MÃDICAS;SP;43643139000166;10685364522.26;3561788174.09;1796705353.42
UNIMED CUIABA COOPERATIVA DE TRABALHO MÃDICO;MT;03533726000188;10472956184.45;3490985394.82;1777509896.19
UNIMED SAO JOSÃ DO RIO PRETO - COOP. DE TRABALHO MÃDICO;SP;45100138000109;10427096412.59;3475698804.2;1856211475.83
UNIMED GRANDE FLORIANÃPOLIS-COOPERATIVA DE TRABALHO MEDICO;SC;77858611000108;10241923322.94;3413974440.98;1862805692.12
FUNDAÃÃO ASSISTENCIAL DOS SERVIDORES DO MINISTÃRIO DA FAZENDA;DF;00628107000189;10199762482.84;3399920827.61;1752839772.62
CAIXA BENEFICENTE DOS FUNCIONARIOS DO BANCO DO ESTADO DE SÃO PAULO;SP;62231527000184;8993031135.31;2997677045.1;1623039413.49
BRADESCO SAÃDE - OPERADORA DE PLANOS  S/A;SP;15011651000154;8973642500.92;2991214166.97;1598374519.27
UNIMED NATAL SOC. COOP. DE TRAB. MÃDICO;RN;08380701000105;8774273879.0;2924757959.67;1520396369.5
ASSOCIAÃÃO PETROBRAS DE SAÃDE - APS;RJ;39427632000171;8586097444.63;2862032481.54;1474374858.7
UNIMED SOROCABA COOPERATIVA DE TRABALHO MÃDICO;SP;45399961000159;8475780080.57;2825260026.86;1510954662.63
UNIMED DE LONDRINA COOPERATIVA DE TRABALHO MÃDICO;PR;75222224000147;8247195730.03;2749065243.34;1411888551.38
UNIMED SERRA GAUCHA/RS COOPERATIVA DE ASSISTENCIA A SAUDE LTDA;RS;87827689000100;7936754588.79;2645584862.93;1432633453.27
UNIMED JOAO PESSOA - COOPERATIVA DE TRABALHO MÃDICO;PB;08680639000177;7902979736.93;2634326578.98;1374812121.23
UNIMED MACEIO COOPERATIVA DE TRABALHO MÃDICO;AL;12442737000143;7777943296.94;2592647765.65;1303215490.59
SUL AMÃRICA PARANÃ CLÃNICAS SERVIÃOS DE SAÃDE S.A.;SP;02866602000151;7716262306.59;2572087435.53;1415676872.19
HUMANA SAÃDE NORDESTE LTDA. ;PI;00361325000108;7638511108.27;2546170369.42;1320738528.53
NOTRE DAME INTERMÃDICA MINAS GERAIS SAÃDE S.A.;CE;62550256000120;7359341196.03;2453113732.01;1290447888.68
UNIMED-SÃO GONÃALO - NITERÃI - SOC.COOP.SERV.MED E HOSP LTDA;RJ;28630531000187;7250845900.15;2416948633.38;1251781596.4
UNIMED CAMPO GRANDE MS COOPERATIVA DE TRABALHO MÃDICO;MS;03315918000118;6994585446.37;2331528482.12;1208142548.3
CAIXA DE ASSISTENCIA DOS SERVIDORES DO ESTADO DE MATO GROSSO DO SUL;MS;04311093000126;6827060398.26;2275686799.42;1159425458.43
UNIMED DE SANTOS COOP DE TRAB MEDICO;SP;58229691000180;6779147738.16;2259715912.72;1197219075.24
UNIMED DE RIBEIRAO PRETO - COOPERATIVA DE TRABALHO MÃDICO;SP;45232246000127;6665222405.14;2221740801.71;1176101301.39
SANTA HELENA ASSISTÃNCIA MÃDICA S/A.;SP;43293604000186;6617615003.98;2205871667.99;1149846993.13
UNIMED REGIONAL MARINGÃ COOP.DE TRABALHO MÃDICO;PR;76767219000182;6483990597.61;2161330199.2;1142008019.46
CENTRO TRASMONTANO DE SAO PAULO;SP;62638374000194;6011460744.54;2003820248.18;1047511040.42
UNIMED UBERLÃNDIA COOPERATIVA REGIONAL TRABALHO MÃDICO LTDA;MG;17790718000121;5901811318.32;1967270439.44;973826348.27
SAMP ESPIRITO SANTO ASSISTENCIA MEDICA SA;ES;02403281000159;5883297557.72;1961099185.91;1031912792.04
UNIMED BLUMENAU - COOPERATIVA DE TRABALHO MEDICO;SC;82624776000147;5787511194.21;1929170398.07;1045965973.11
UNIMED DO ESTADO DO PARANÃ FEDERAÃÃO ESTADUAL DAS COOPERATIVAS MÃDICAS;PR;78339439000130;5646360920.23;1882120306.74;999601086.04
CLINIPAM CLINICA PARANAENSE DE ASSISTENCIA MEDICA LTDA;CE;76882612000117;5643411955.72;1881137318.57;1012058764.29
ODONTOPREV S/A;SP;58119199000151;5599352499.92;1866450833.31;1023206025.74
FUNDAÃÃO SÃO FRANCISCO XAVIER;MG;19878404000100;5419058579.3;1806352859.77;966971566.36
UNIMED DO ESTADO DE SANTA CATARINA FED. EST. DAS COOP. MÃD.;SC;76590884000143;5297142188.45;1765714062.82;944369957.85
UNIMED SAO JOSE DOS CAMPOS - COOPERATIVA DE TRABALHO MEDICO;SP;60214517000105;5185781751.74;1728593917.25;899170966.17
ASSOCIAÃÃO DE BENEFICÃNCIA E FILANTROPIA SÃO CRISTOVÃO;SP;60975174000100;5140601636.08;1713533878.69;864398871.27
UNIMED DE PIRACICABA SOCIEDADE COOPERATIVA DE SERVIÃOS MÃDICOS;SP;44803922000102;5087633598.58;1695877866.19;882424126.39
UNIMED DE JOINVILLE COOPERATIVA DE TRABALHO MÃDICO;SC;82602327000106;4911476739.09;1637158913.03;865100045.36
UNIMED DIVINOPOLIS - COOPERATIVA DE TRABALHO MEDICO LTDA;MG;25250820000162;4769364330.53;1589788110.18;881913986.35
UNIMED - COOPERATIVA DE SERVIÃOS DE SAÃDE DOS VALES DO TAQUARI E RIO PARDO LTDA.;RS;87300448000109;4708254779.67;1569418259.89;840721009.97
UNIMED LITORAL COOPERATIVA DE TRABALHO MÃDICO LTDA;SC;85377174000120;4547851982.58;1515950660.86;824466038.58
UNIMED JUIZ DE FORA COOPERATIVA DE TRABALHO MÃDICO LTDA;MG;17689407000170;4473155967.73;1491051989.24;778782027.12
UNIMED DE BAURU COOPERATIVA DE TRABALHO MÃDICO;SP;44456036000150;4454451896.17;1484817298.72;781742513.85
CEMIG SAÃDE;MG;12055813000168;4354495974.85;1451498658.28;721131490.78
UNIMED SERGIPE - COOPERATIVA DE TRABALHO MÃDICO;SE;13360276000122;4351691825.77;1450563941.92;704249592.78
UNIMED TERESINA - COOPERATIVA DE TRABALHO MÃDICO;PI;07241136000132;4328564701.76;1442854900.59;760727274.68
SINDIFISCO NACIONAL - SINDICATO NACIONAL DOS AUDITORES-FISCAIS DA RECEITA FEDERAL DO BRASIL;DF;03657699000155;4286548038.1;1428849346.03;698764454.54
UNIMED DE CASCAVEL COOPERATIVA DE TRABALHO MÃDICO;PR;81170003000175;4207029876.85;1402343292.28;735543797.2
UNIMED SÃO CARLOS - COOPERATIVA DE TRABALHO MÃDICO;SP;45359213000142;3982641251.19;1327547083.73;688817297.66
ASSOCIAÃÃO SANTA CASA SAÃDE DE SÃO JOSÃ DOS CAMPOS;SP;18321477000134;3761813703.34;1253937901.11;654701816.94
UNIMED DE MACAÃ COOPERATIVA DE ASSISTÃNCIA Ã SAÃDE;RJ;35830868000101;3666337055.31;1222112351.77;670868034.7
UNIMED DE PRESIDENTE PRUDENTE COOPERATIVA DE TRAB. MÃDICO;SP;44863959000126;3664712276.65;1221570758.88;679834714.26
Reg. ANS 350141;N/D;N/D;3628450890.89;1209483630.3;634725508.57
PLANO HOSPITAL SAMARITANO LTDA;SP;03011072000122;3615230689.06;1205076896.35;613987704.31
PASA - PLANO DE ASSISTENCIA A SAUDE DO APOSENTADO DA VALE;RJ;39419809000198;3595525782.23;1198508594.08;653905092.8
CAIXA DE ASSISTÃNCIA DOS FUNCIONÃRIOS DO BANCO DO NORDESTE DO BRASIL;CE;05814777000103;3517099684.66;1172366561.55;644933877.78
POSTAL SAÃDE CAIXA DE ASSISTÃNCIA E SAÃDE DOS EMPREGADOS DOS CORREIOS;DF;18275071000162;3440131213.13;1146710404.38;592846436.29
UNIMED VALE DO SINOS - COOPERATIVA DE ASSISTÃNCIA Ã SAÃDE LTDA;RS;88258884000120;3438272461.08;1146090820.36;615933084.41
UNIMED JUNDIAI - COOPERATIVA DE TRABALHO MÃDICO;SP;56727134000163;3435341337.65;1145113779.22;624809949.41
UNIMED DE VOLTA REDONDA COOPERATIVA DE TRABALHO MÃDICO;RJ;35917970000130;3430684885.23;1143561628.41;590472444.42
ALICE OPERADORA LTDA.;SP;34266553000102;3321080177.69;1107026725.9;667239959.89
UNIMED NORTE DO MATO GROSSO COOPERATIVA DE TRABALHO MÃDICO;MT;73967085000155;3317194931.16;1105731643.72;600798062.67
UNIMED CARUARU-COOPERATIVA DE TRABALHO MEDICO;PE;24449225000198;3272762780.57;1090920926.86;569991240.0
INSTITUTO CURITIBA DE SAÃDE;PR;03518900000113;3236398149.72;1078799383.24;589301149.61
UNIMED SUL CAPIXABA COOPERATIVA DE TRABALHO MÃDICO;ES;32440968000125;3207458722.12;1069152907.37;554257585.79
UNIMED NOVA FRIBURGO-SOC.COOP.SERV.MED.HOSP.LTDA.;RJ;29135795000127;3188408049.97;1062802683.32;537539892.99
CENTRO CLÃNICO GAÃCHO LTDA;CE;00773639000100;3148754353.22;1049584784.41;561014132.82
UNIMED DE SANTA BÃRBARA D'OESTE E AMERICANA - COOP DE TRABALHO MÃDICO;SP;48628366000136;3139582526.76;1046527508.92;546563151.33
UNIMED UBERABA COOPERATIVA DE TRABALHO MEDICO LTDA.;MG;17774738000109;3124651300.31;1041550433.44;532001213.58
UNIMED VALE DO SÃO FRANCISCO COOPERATIVA DE TRABALHO MÃDICO;PE;40853020000120;3005367174.56;1001789058.19;516777118.49
HUMANA SAÃDE LTDA.;PR;95642179000197;2992060859.98;997353619.99;480217050.41
LEVE SAUDE OPERADORA DE PLANOS DE SAUDE S.A;RJ;36503186000149;2921732419.69;973910806.56;554987215.05
SAMEL PLANO DE SAÃDE LTDA;AM;84537141000138;2882234250.38;960744750.13;503146778.76
UNIMED DE MARILIA COOPERATIVA DE TRABALHO MÃDICO;SP;66872888000160;2845755593.96;948585197.99;503363746.5
SOBAM CENTRO MÃDICO HOSPITALAR S.A.;SP;50739135000141;2844689085.81;948229695.27;472000403.78
UNIMED NOVA IGUACU COOPERATIVA DE TRABALHO MEDICO;RJ;28714533000154;2814441725.24;938147241.75;475428652.08
UNIMED PONTA GROSSA COOPERATIVA DE TRABALHO MEDICO;PR;77781706000162;2784662449.25;928220816.42;492280482.34
UNIMED DE ARARAQUARA - COOP. DE TRAB. MÃDICO;SP;45272366000158;2782934055.77;927644685.26;492678716.34
UNIMED REGIONAL DA BAIXA MOGIANA - COOPERATIVA DE TRABALHO MÃDICO;SP;49210966000142;2761621277.16;920540425.72;476324062.14
UNIMED FRANCA - SOCIEDADE COOPERATIVA DE SERVIÃOS MÃDICOS E HOSPITALARES;SP;45309606000141;2738622955.5;912874318.5;484306814.15
QUALLITY PRÃ SAÃDE PLANO DE ASSISTÃNCIA MÃDICA LTDA.;DF;09433795000104;2727271863.64;909090621.21;445453559.44
FUNDAÃÃO COPEL DE PREVIDÃNCIA E ASSISTÃNCIA SOCIAL;PR;75054940000162;2683892560.19;894630853.4;461817915.36
REAL GRANDEZA - FUNDAÃÃO DE PREVIDÃNCIA E ASSISTÃNCIA SOCIAL;RJ;34269803000168;2639113637.1;879704545.7;469508033.58
METRUS INSTITUTO DE SEGURIDADE SOCIAL;SP;44857357000166;2622168323.85;874056107.95;403972238.82
ASSOCIACAO DOS AUDITORES FISCAIS DA RECEITA ESTADUAL DE SAO PAULO;SP;62635990000191;2568919547.17;856306515.72;453471224.27
UNIMED DE CRICIÃMA COOPERATIVA DE TRABALHO MÃDICO DA REGIÃO CARBONÃFERA;SC;82996703000186;2541651490.68;847217163.56;457626423.22
DOCTOR CLIN OPERADORA DE PLANOS DE SAÃDE LTDA.;RS;01387625000110;2537647235.12;845882411.71;485287097.51
Reg. ANS 884;N/D;N/D;2520222268.26;840074089.42;425628804.53
ASSOCIAÃÃO DE SAÃDE PORTUGUESA DE BENEFICÃNCIA;SP;11939445000158;2513580167.34;837860055.78;441511406.44
COOPERATIVA CENTRAL UNIMED DE COOPERATIVAS DE ASSISTÃNCIA Ã SAÃDE DO RIO GRANDE DO SUL LTDA.;RS;87158507000156;2471575073.6;823858357.87;437541999.19
ASSOCIAÃÃO SANTA SAÃDE;SP;13001218000102;2468403026.56;822801008.85;418878514.34
UNIMED DO CEARÃ - FEDERAÃÃO DAS SOCIEDADES COOPERATIVAS MÃDICAS DO ESTADO DO CEARÃ LTDA.;CE;10395358000114;2468318987.36;822772995.79;440895842.65
FUNDAÃÃO CHESF DE ASSISTÃNCIA E SEGURIDADE SOCIAL;PE;42160192000143;2466987425.51;822329141.84;491944786.59
UNIMED CAMPINA GRANDE - COOPERATIVA DE TRABALHO MEDICO LTDA;PB;08707473000135;2403009832.07;801003277.36;426319897.33
UNIMED GOVERNADOR VALADARES COOP. DE TRABALHO MÃDICO LTDA.;MG;42892281000184;2397054071.68;799018023.89;426430573.51
CAIXA DE PREVIDÃNCIA E ASSISTÃNCIA DOS SERVIDORES DA FUNDAÃÃO NACIONAL DE SAÃDE - CAPESESP;RJ;30036685000197;2386161462.92;795387154.31;392815137.01
H.B. SAÃDE S/A.;SP;02668512000156;2380125769.44;793375256.48;402657606.92
MEDISERVICE OPERADORA DE PLANOS DE SAÃDE S.A.;SP;57746455000178;2376365566.43;792121855.48;441979096.87
BENSAUDE PLANO DE ASSISTENCIA MEDICA HOSPITALAR LTDA.;SP;02849393000138;2375839414.36;791946471.45;398363695.76
COOPERATIVA DE TRABALHO MÃDICO DE POUSO ALEGRE;MG;21490586000190;2372438406.82;790812802.27;423569389.13
ALVORECER - ASSOCIAÃÃO DE SOCORROS MÃTUOS;SP;62511019000150;2301581807.3;767193935.77;383095455.21
UNIMED SALTO/ITU - COOPERATIVA MÃDICA;SP;58837188000107;2266365821.25;755455273.75;388512048.84
SERVIÃO SOCIAL DA INDÃSTRIA DO PAPEL, PAPELÃO E CORTIÃA DO ESTADO DE SÃO PAULO - SEPACO;SP;60961422000155;2212337967.06;737445989.02;395427849.26
UNIMED PORTO VELHO - SOCIEDADE COOPERATIVA MÃDICA LTDA;RO;05657234000120;2210712496.04;736904165.35;404411449.59
PROMÃDICA - PROTEÃÃO MEDICA A EMPRESAS S.A.;BA;15214919000155;2203035867.79;734345289.26;361404674.23
UNIMED SANTA MARIA/RS - COOPERATIVA DE ASSISTÃNCIA Ã SAÃDE LTDA;RS;87497368000195;2196351591.11;732117197.04;380975634.93
PLANO DE SAÃDE ANA COSTA LTDA.;SP;02864364000145;2132833162.22;710944387.41;359475623.95
UNIMED CHAPECÃ - COOPERATIVA DE TRABALHO MÃDICO DA REGIÃO OESTE CATARINENSE;SC;85283299000191;2130619668.81;710206556.27;394169938.03
KLINI PLANOS DE SAÃDE LTDA;RJ;34539000000186;2118676914.33;706225638.11;397845550.47
CAIXA DE ASSISTÃNCIA DOS EMPREGADOS DO BANCO DO ESTADO DO RIO GRANDE DO SUL;RS;02315431000172;2080608197.62;693536065.87;385113809.53
UNIMED DE CAMPOS COOPERATIVA DE TRABALHO MÃDICO;RJ;40294225000112;2073087840.3;691029280.1;369884909.96
CIRCULO OPERARIO CAXIENSE;RS;88645403000139;2072692418.79;690897472.93;356218016.95
UNIMED PATOS DE MINAS COOPERATIVA TRABALHO MÃDICO LTDA.;MG;38499547000156;2036833968.52;678944656.17;354676855.79
UNIMED ANHANGUERA COOPERATIVA DE TRABALHO MÃDICO;SP;54012406000113;2032228519.08;677409506.36;338009090.7
UNIMED RONDONOPOLIS COOPERATIVA DE TRABALHO MÃDICO LTDA;MT;24676884000167;1989738677.62;663246225.87;346424939.52
UNIMED DE GUARULHOS COOPERATIVA DE TRABALHO MÃDICO;SP;74466137000172;1977687733.07;659229244.36;356024084.98
CAIXA DE ASSISTÃNCIA Ã SAÃDE - CABERJ;RJ;42182170000184;1945165381.76;648388460.59;341122354.57
AUSTACLINICAS ASSISTÃNCIA MÃDICA E HOSPITALAR LTDA;SP;59847780000152;1914905059.21;638301686.4;338299186.62
2CARE OPERADORA DE SAÃDE LTDA.;SP;27452545000195;1908086723.34;636028907.78;320154146.95
BIOVIDA SAÃDE LTDA.;SP;04299138000194;1881344206.02;627114735.34;317747644.94
UNIMED DO SUDOESTE COOPERATIVA DE TRABALHO MEDICO LTDA;BA;16415598000110;1878808760.77;626269586.92;317743115.23
UNIMED DE BOTUCATU COOPERATIVA DE TRABALHO MÃDICO;SP;45425899000122;1869483285.68;623161095.23;312686613.78
AMPLA PLANOS DE SAUDE LTDA;RJ;41077489000187;1863275175.81;931637587.9;263310660.14
UNIMED DE LIMEIRA COOPERATIVA DE TRABALHO MÃDICO;SP;50480953000172;1854428490.84;618142830.28;338181837.17
UNIMED AMPARO COOPERATIVA DE TRABALHO MÃDICO;SP;65422339000121;1853267671.84;617755890.61;313855991.32
UNIMED LESTE PAULISTA COOPERATIVA DE TRABALHO MÃDICO;SP;53678264000165;1852625663.27;617541887.76;306623187.37
ASSOCIAÃÃO DR. BARTHOLOMEU TACCHINI;RS;87547444000120;1820353841.01;606784613.67;345082747.23
NOSSA SAÃDE - OPERADORA PLANOS PRIVADOS DE ASSISTÃNCIA  Ã SAÃDE LTDA.;PR;02862447000103;1806874458.4;602291486.13;307417344.59
UNIMED RIO VERDE COOPERATIVA TRABALHO MEDICO;GO;37275625000176;1773013878.26;591004626.09;327826827.4
FUNDAÃÃO CELESC DE SEGURIDADE SOCIAL - CELOS;SC;82956996000178;1748994034.26;582998011.42;321524367.51
UNIMED CENTRO RONDÃNIA COOPERATIVA DE TRABALHO MÃDICO;RO;00697509000135;1741645793.72;580548597.91;315455342.04
UNIMED DE BEBEDOURO COOPERATIVA DE TRABALHO MÃDICO;SP;60633369000163;1733278693.25;577759564.42;303913684.5
UNIMED VALE DO SEPOTUBA - COOPERATIVA DE TRABALHO MÃDICO;MT;02597394000132;1732517691.05;577505897.02;305787120.05
INTEGRA ASSISTENCIA MEDICA SA;SP;44477823000188;1704605188.42;568201729.47;219986528.1
PLENA SAÃDE S.A.;SP;00338763000147;1699522606.72;566507535.57;284740038.11
UNIMED COSTA OESTE - COOPERATIVA DE TRABALHO MÃDICO;PR;78931391000155;1682706621.69;560902207.23;305218741.46
UNIMED PELOTAS/RS - COOPERATIVA DE ASSISTÃNCIA Ã SAÃDE LTDA.;RS;89870547000151;1663699286.82;554566428.94;295891077.31
LIV LINHAS INTELIGENTES DE ATENÃÃO Ã VIDA S/A;SP;00846662000187;1621542902.4;540514300.8;287819742.2
PROASA SAÃDE;DF;02752923000125;1621486613.46;540495537.82;314251272.08
ASSOCIAÃÃO EVANGELICA BENEFICENTE DE LONDRINA;PR;78613841000161;1613502013.33;537834004.44;297805791.6
CAIXA DE ASSISTÃNCIA DOS EMPREGADOS DA EMPRESA BRASILEIRA DE PESQUISA  AGROPECUÃRIA;DF;08097092000181;1602087128.32;534029042.77;298076154.91
SERMED-SAÃDE LTDA.;SP;64924095000112;1584809401.46;528269800.49;278243764.93
ABERTTA SAÃDE - ASSOCIAÃÃO BENEFICENTE DOS EMPREGADOS DA ARCELORMITTAL NO BRASIL;MG;17505793000101;1578096213.56;526032071.19;277992350.86
S.P.A SAUDE- SISTEMA DE PROMOÃÃO ASSISTENCIAL;SP;69259356000140;1575072218.9;525024072.97;269013036.7
ASSOCIAÃÃO ASSISTENCIAL DE SAÃDE SUPLEMENTAR CRUZ AZUL SAÃDE;SP;03849449000117;1563207999.22;521069333.07;234297780.07
UNIMED NOROESTE/RS - SOCIEDADE COOPERATIVA DE ASSISTÃNCIA Ã SAÃDE LTDA.;RS;87647756000105;1561693644.78;520564548.26;271197387.93
IRMANDADE DA SANTA CASA DE MISERICÃRDIA DE PIRACICABA;SP;54370630000187;1553490895.64;517830298.55;307276006.74
UNIMED DE ARACATUBA - COOPERATIVA DE TRABALHO MÃDICO;SP;51093193000103;1528327043.22;509442347.74;258717601.61
UNIMED RIO BRANCO COOPERATIVA DE TRABALHO MEDICO LTDA;AC;84313741000112;1517815879.4;505938626.47;251938892.5
UNIMED DE DOURADOS COOPERATIVA DE TRABALHO MÃDICO LTDA;MS;15395999000192;1506206086.69;502068695.56;289201501.06
UNIMED NOROESTE CAPIXABA COOPERATIVA DE TRABALHO MÃDICO.;ES;39384664000137;1504932532.79;501644177.6;265987609.0
UNIÃO MÃDICA PLANOS DE SAÃDE S/A;BA;04745753000187;1480822693.26;493607564.42;252725208.16
SÃO LUCAS SAÃDE S/A;SP;96509690000188;1474438273.19;491479424.4;247960281.1
UNIMED DE TUBARAO - COOPERATIVA DE TRABALHO MEDICO DA REGIAO DA AMUREL;SC;85241339000132;1473145539.5;491048513.17;279101420.05
UNIMED PLANALTO MÃDIO/RS - COOPERATIVA DE ASSISTÃNCIA Ã SAÃDE LTDA.;RS;87607149000111;1448044372.83;482681457.61;247717389.28
UNIMED REGIONAL JAU - COOPERATIVA DE TRABALHO MÃDICO;SP;02322043000119;1439151928.98;479717309.66;246635355.62
UNIMED DE RIO CLARO SP COOPERATIVA DE TRABALHO MEDICO;SP;44663631000166;1437001690.05;479000563.35;254127146.72
UNIMED PATO BRANCO SOCIEDADE COOPERATIVA DE MÃDICOS;PR;80871551000160;1433541772.72;477847257.57;245397683.09
ASSOCIAÃÃO DE ASSISTÃNCIA Ã SAÃDE DOS EMPREGADOS DA COPASA;MG;08202035000115;1421695316.24;473898438.75;240515576.79
FUNDAÃÃO SANEPAR DE ASSISTÃNCIA SOCIAL;PR;77375897000162;1408401831.27;469467277.09;201174189.3
LIFE EMPRESARIAL SAÃDE LTDA.;SP;04558034000157;1397898606.0;465966202.0;258530389.84
FUNDAÃÃO AFFEMG DE ASSISTÃNCIA E SAÃDE - FUNDAFFEMG;MG;00660903000107;1391967297.36;463989099.12;235708126.99
SAUDE PAS - MEDICINA E ODONTO;RS;03424929000136;1363299673.56;454433224.52;238046179.63
CAIXA DE ASSISTÃNCIA OSWALDO CRUZ;RJ;03033006000153;1351255587.72;450418529.24;234119909.35
PLANO DE SAÃDE DA SANTA CASA DE BRAGANÃA PAULISTA;SP;24645912000189;1349627048.35;449875682.78;226693358.26
ECONOMUS INSTITUTO DE SEGURIDADE SOCIAL;SP;49320799000192;1334024209.1;444674736.37;260634847.01
UNIMED PETROPOLIS-RJ COOPERATIVA DE TRABALHO MÃDICO;RJ;28806545000109;1331771135.08;443923711.69;227640459.93
UNIMED DE OURINHOS - COOPERATIVA DE TRABALHO MÃDICO;SP;51427540000197;1304391515.25;434797171.75;225102699.02
UNIMED DO CARIRI - SOCIEDADE COOPERATIVA MÃDICA LTDA;CE;07583396000196;1296061033.89;432020344.63;236379695.54
SANTA CASA DE MISERICÃRDIA DE JUIZ DE FORA;MG;21575709000195;1295635817.6;431878605.87;239472126.0
UNIMED MARANHÃO DO SUL - COOPERATIVA DE TRABALHO MÃDICO;MA;07057185000110;1292197895.08;430732631.69;269374820.15
UNIMED ANÃPOLIS COOPERATIVA DE TRABALHO MÃDICO.;GO;26629238000174;1275175355.59;425058451.86;210050014.53
UNIMED CENTRO OESTE PAULISTA - FEDERAÃÃO INTRAFEDERATIVA DAS COOPERATIVAS MÃDICAS;SP;01608379000180;1263348316.65;421116105.55;229288703.83
GAMA SAUDE LTDA.;SP;02009924000184;1237286444.85;412428814.95;185580343.45
CABERJ INTEGRAL SAÃDE S.A;RJ;07844436000106;1230175030.04;410058343.35;210500972.28
UNIMED REGIONAL DE CAMPO MOURÃO COOP TRAB MEDICO ;PR;81715716000177;1224950852.38;408316950.79;211390262.8
UNIMED VARGINHA COOPERATIVA DE TRABALHO MÃDICO;MG;17845504000105;1216232814.06;405410938.02;203831110.63
POLICLIN SAÃDE S/A.;SP;04202013000102;1213276197.83;404425399.28;205178730.23
OPERADORA UNIESTE DE PLANOS DE SAÃDE LTDA;RJ;02774736000142;1210243652.66;403414550.89;216652935.71
MÃTUA DOS MAGISTRADOS DO ESTADO DO RIO DE JANEIRO;RJ;30460075000116;1187942290.03;395980763.34;216536518.09
UNIMED ARARUAMA COOPERATIVA DE TRABALHO MÃDICO LTDA;RJ;00111826000128;1178068270.2;392689423.4;216537280.46
MED-TOUR ADMINISTRADORA DE BENEFÃCIOS E EMPREENDIMENTOS LTDA.;SP;00453863000114;1174095585.96;391365195.32;206918880.11
UNIMED PALMAS COOPERATIVA DE TRABALHO MÃDICO;TO;37313475000148;1172051226.2;390683742.07;192012565.17
UNIHOSP SAÃDE LTDA;SP;01445199000124;1156095293.53;385365097.84;202626706.19
UNIMED DE MANAUS COOP. DO TRABALHO MÃDICO LTDA;AM;04612990000170;1153575575.22;384525191.74;250481450.5
UNIMED TEOFILO OTONI COOPERATIVA DE TRABALHO MÃDICO;MG;66343559000122;1140090318.05;380030106.02;197685731.77
UNIMED ENCOSTA DA SERRA/RS SOCIEDADE COOPERATIVA DE SERVIÃOS DE SAÃDE LTDA.;RS;73936395000102;1129364419.41;376454806.47;206001708.64
UNIMED COSTA DO DESCOBRIMENTO COOPERATIVA DE TRABALHO MÃDICO;BA;97388490000187;1117758799.32;372586266.44;201732000.64
UNIMED METROPOLITANA DO AGRESTE - COOPERATIVA DE TRABALHO MÃDICO;AL;35642768000143;1105233143.36;368411047.79;190023719.43
UNIMED NORTE CAPIXABA- COOPERATIVA DE TRABALHO MÃDICO;ES;35988963000120;1081242356.05;360414118.68;197165807.94
UNIMED CONSELHEIRO LAFAIETE COOPERATIVA DE TRABALHO MÃDICO LTDA;MG;21839519000138;1079927251.77;359975750.59;193371401.58
ASSOCIAÃÃO ADVENTISTA NORTE BRASILEIRA DE PREVENÃÃO E ASSISTÃNCIA A SAÃDE;PA;83367342000171;1057713226.95;352571075.65;177516326.47
UNIMED VALE DO CAÃ/RS - COOPERATIVA DE ASSISTÃNCIA Ã SAÃDE LTDA.;RS;87306361000149;1053906105.39;351302035.13;181397319.39
UNIMED DE CATANDUVA - COOPERATIVA DE TRABALHO MÃDICO;SP;45118429000116;1037672749.65;345890916.55;174735390.41
IRMANDADE SANTA CASA DE MISERICÃRDIA DE MARINGÃ;PR;79115762000193;1028363282.87;342787760.96;188903861.65
CAIXA DE ASSISTENCIA A SAUDE DA UNIVERSIDADE;MG;73395469000140;1024939917.27;341646639.09;181077565.1
ASSOCIAÃÃO DA SANTA CASA SAÃDE DE RIBEIRÃO PRETO;SP;10935483000170;1010450361.36;336816787.12;166161165.66
HBC SAÃDE LTDA.;SP;05011316000100;1009553424.32;336517808.11;176499164.03
UNIMED DE ASSIS COOPERATIVA DE TRABALHO MÃDICO;SP;54991211000162;1008794624.87;336264874.96;171274097.61
UNIMED GUARAPUAVA COOPERATIVA DE TRABALHO MÃDICO;PR;78044815000160;1005242080.81;335080693.6;179332312.57
SIM - CAIXA DE ASSISTÃNCIA Ã SAÃDE;SC;79831608000118;1000221599.97;333407199.99;179073719.92
UNIMED BARRA DO GARÃAS - COOPERATIVA DE TRABALHO MÃDICO;MT;37436920000167;970236287.34;323412095.78;168918896.63
UNIMED POÃOS DE CALDAS - SOC. COOP. DE TRAB. E SERVIÃOS MÃDICOS;MG;41781949000153;965154527.36;321718175.79;177443843.66
UNIMED DE BARRA MANSA SOC. COOP. SERV.MED.E HOSPIT.;RJ;29290152000158;964805782.38;321601927.46;174963771.21
UNIMED EXTREMO SUL COOPERATIVA DE TRABALHO MÃDICO;BA;42043067000153;956751677.67;318917225.89;154245421.29
BENEFICENCIA CAMILIANA DO SUL;SP;83506030000100;956625331.45;478312665.72;251822205.19
SELECT OPERADORA DE PLANO DE SAUDE LTDA;GO;37035441000139;949010980.92;316336993.64;266993606.47
SAÃDE BRB - CAIXA DE ASSISTÃNCIA ;DF;04859814000137;940057251.57;313352417.19;168245127.2
UNIMED INCONFIDENTES COOPERATIVA DE TRABALHO MÃDICO LTDA.;MG;22720791000167;937633878.53;312544626.18;168217674.53
UNIMED CURVELO COOPERATIVA DE TRABALHO MÃDICO LTDA.;MG;26189530000113;928155503.57;309385167.86;159544076.96
FUNDAÃAO COMPESA DE PREVIDENCIA E ASSISTENCIA - COMPESAPREV;PE;12585261000108;921056533.46;307018844.49;168599362.41
ASSOCIAÃÃO SÃO FRANCISCO VIDA;SP;14946109000120;914632995.53;304877665.18;169440789.48
UNIMED LITORAL SUL/RS - COOPERATIVA DE ASSISTÃNCIA Ã SAÃDE LTDA.;RS;00103956000119;914276117.81;304758705.94;154455452.1
CENTRO HOSPITALAR ATIBAIA LTDA.;SP;00950062000164;914155149.54;304718383.18;174478951.11
CENTRAL REGIONAL DAS COOPERATIVAS MÃDICAS - UNIMED CERRADO;GO;00366982000130;904868965.28;301622988.43;148216588.42
UNIMED RESENDE COOPERATIVA DE TRABALHO MÃDICO;RJ;68709211000131;903097576.83;301032525.61;168756474.59
UNIMED DE SÃO ROQUE - COOPERATIVA DE TRABALHO MÃDICO;SP;74521188000150;901384030.36;300461343.45;169138723.42
UNIMED NORDESTE PAULISTA - FED. INTRAFEDERATIVA DAS COOP. MÃDICAS;SP;01559455000104;896388946.86;298796315.62;157440475.89
UNIMED DE PARANAGUÃ COOPERATIVA DE TRABALHO MÃDICO;PR;75003525000180;896016502.63;298672167.54;155672873.91
UNIMED MONTES CLAROS COOPERATIVA DE  TRABALHO MÃDICO LTDA.;MG;16921561000163;889794557.67;296598185.89;171513593.13
UNIMED NORTE FLUMINENSE COOPERATIVA DE TRABALHO MEDICO;RJ;30417661000188;889689042.35;296563014.12;159460412.52
UNIMED MISSÃES/RS - COOPERATIVA DE ASSISTÃNCIA Ã SAÃDE LTDA.;RS;87701249000102;882540616.53;294180205.51;147128695.28
IRMANDADE DA SANTA CASA DE MISERICÃRDIA DE RIO CLARO;SP;56384183000140;882391224.95;294130408.32;165841549.17
ASSOCIAÃÃO BENEFICENTE DE ASSISTÃNCIA A SAÃDE DOS JUÃZES DO TRABALHO DA 15Âª REGIÃO (ABAS 15);SP;02030246000131;880657907.56;293552635.85;152183353.89
AMESC - ASSOCIAÃÃO MÃDICA ESPÃRITA CRISTÃ;RJ;68668045000172;868212902.68;289404300.89;142294753.51
LUMINAR SAÃDE - ASSOCIAÃÃO DE ASSISTÃNCIA Ã SAÃDE;DF;11828089000103;858008349.59;286002783.2;135942986.1
ASSOCIAÃÃO DOS SERVIDORES FISCAIS DO ESTADO DA BAHIA;BA;14799035000147;837307986.57;279102662.19;145834482.75
UNIMED DE BRUSQUE COOPERATIVA DE TRABALHO MÃDICO;SC;01554266000149;829060235.45;276353411.82;138845701.45
UNIMED DE PARANAVAÃ COOPERATIVA DE TRABALHO MÃDICO;PR;81076069000109;826144679.24;275381559.75;147453476.04
CAIXA ASSISTENCIAL E BENEFICENTE DOS FUNCIONÃRIOS DA ACARESC;SC;83937631000169;818102355.03;272700785.01;136787404.14
ASSOCIAÃÃO PADRE ALBINO SAÃDE;SP;23869306000184;815550068.57;271850022.86;162848272.54
ELOSAÃDE - ASSOCIAÃÃO DE ASSISTÃNCIA Ã SAÃDE;SC;11593821000103;795269658.76;265089886.25;136568280.54
UNIMED REGIONAL SUL GOIAS COOP. DE TRABALHO MÃDICO LTDA;GO;33546979000157;784128531.47;261376177.16;136548172.38
ASSOCIAÃÃO BENEFICENTE DOS PROFESSORES PÃBLICOS ATIVOS E INATIVOS DO RIO DE JANEIRO - APPAI;RJ;31240963000196;781377474.1;260459158.03;145959195.75
UNIMED DE JABOTICABAL COOP. DE TRABALHO MÃDICO;SP;72783970000111;779545220.88;259848406.96;140402347.68
UNIMED APUCARANA COOPERATIVA DE TRABALHO MÃDICO;PR;81064511000179;770109999.83;256703333.28;131869349.46
UNIMED OESTE DO PARANA - COOPERATIVA DE TRABALHO MEDICO;PR;78420783000150;766271362.63;255423787.54;135842774.34
SAÃDE SANTA TEREZA LTDA.;SP;05029064000139;761444524.42;253814841.47;134691993.99
CAIXA DE ASSISTÃNCIA DOS SERVIDORES FAZENDÃRIOS ESTADUAIS;CE;63367700000139;753300468.7;251100156.23;126503503.6
FUNDAÃÃO DE SEGURIDADE SOCIAL DA ARCELORMITTAL BRASIL - FUNSSEST;ES;31787625000179;752829431.91;250943143.97;107094458.15
SANTA CASA DE MAUÃ SAÃDE;SP;08225953000160;746788831.88;248929610.63;129659338.43
OPERADORA UNICENTRAL DE PLANOS DE SAÃDE LTDA.;SP;02888465000156;730619540.03;243539846.68;108836804.38
UNIMED DE TATUI - COOPERATIVA DE TRABALHO MÃDICO;SP;00006037000127;729063773.44;243021257.81;116266199.9
ASSOCIAÃÃO SANTA CASA SAÃDE DE ARAÃATUBA;SP;16665579000141;728026908.37;242675636.12;129140786.06
UNIMED PARÃ DE MINAS COOPERATIVA DE TRABALHO MÃDICO LTDA.;MG;42940528000190;722529560.32;240843186.77;126624475.77
CAIXA DE ASSISTÃNCIA Ã SAÃDE DOS SERVIDORES PÃBLICOS DO ESTADO DO MATO GROSSO DO SUL;MS;04574626000162;721721368.93;240573789.64;126073461.83
CAIXA DE ASSISTÃNCIA DOS EMPREGADOS DA SANEAGO;GO;37382009000114;721647988.13;240549329.38;124103246.58
FUNDAÃÃO DE SAÃDE ITAIGUAPY;PR;00304148000110;719860450.79;239953483.6;134287703.73
UNIMED SÃO JOÃO DEL REI - COOPERATIVA DE TRABALHO MÃDICO;MG;25329079000120;717431157.7;239143719.23;128859678.72
UNIMED ARAXÃ COOPERATIVA DE TRABALHO MÃDICO LTDA.;MG;25910449000118;710811081.45;236937027.15;127296329.05
AGROS - INSTITUTO UFV DE SEGURIDADE SOCIAL;MG;20320487000105;706868972.62;235622990.87;125482426.24
UNIMED ITAJUBA COOPERATIVA DE TRABALHO MEDICO;MG;23802218000165;703677640.58;234559213.53;132368336.95
UNIMED DE CATALÃO COOPERATIVA DE TRABALHO MÃDICO;GO;01193663000132;702590894.68;234196964.89;122063928.4
UNIMED ERECHIM - COOPERATIVA DE SERVIÃOS DE SAÃDE LTDA.;RS;87638334000173;701853297.09;233951099.03;116789170.48
UNIMED JOÃO MONLEVADE COOPERATIVA DE TRABALHO MÃDICO LTDA.;MG;66191263000133;699799882.72;233266627.57;127013709.08
UNIMED OS BANDEIRANTES COOPERATIVA DE TRABALHO MÃDICO;SP;06091170000105;698940020.47;232980006.82;105452842.87
ASSISTÃNCIA MÃDICA SÃO MIGUEL LTDA;SP;66854779000110;696901665.2;232300555.07;129208357.34
NOVA SAÃDE OPERADORA INTEGRADA DE SAÃDE LTDA;RJ;50876139000171;695526413.18;231842137.73;124397448.04
UNIMED DE CAÃAPAVA - COOPERATIVA DE TRABALHO MEDICO;SP;48721401000167;694067452.57;231355817.52;124739851.74
ASSOCIAÃAO DOS FUNCIONARIOS PUBLICOS DO ESTADO DO RIO GRANDE DO SUL;RS;92741016000173;688205762.6;229401920.87;109591946.16
SAMI ASSISTÃNCIA MÃDICA LTDA;SP;36567721000125;685685747.75;228561915.92;111018056.79
UNIMED ALTO VALE - COOPERATIVA DE TRABALHO MÃDICO;SC;00381694000154;681890474.38;227296824.79;120509141.76
UNIMED OESTE DO PARÃ - COOPERATIVA DE TRABALHO MÃDICO;PA;10219897000100;680210884.8;226736961.6;111089739.09
UNIMED DE LENÃOIS PAULISTA - COOPERATIVA DE TRABALHO MÃDICO;SP;67417519000140;677058322.38;225686107.46;114485141.99
UNIMED ITABIRA COOPERATIVA DE TRABALHO MÃDICO;MG;65276354000109;674840129.41;224946709.8;121631306.52
UNIMED VALE DO AÃO COOPERATIVA DE TRABALHO MÃDICO;MG;16991945000152;672968572.62;336484286.31;177166819.57
UNIMED FRONTEIRA NOROESTE/RS - COOPERATIVA DE ASSISTÃNCIA Ã SAÃDE LTDA.;RS;87689527000153;670460110.11;223486703.37;119951703.05
METLIFE PLANOS ODONTOLÃGICOS LTDA.;SP;03273825000178;669458162.64;223152720.88;112463562.44
GARANTIA DE SAÃDE LTDA;SP;45572583000163;664775503.36;221591834.45;111192061.97
OESTE SAÃDE ASSISTÃNCIA A SAÃDE SUPLEMENTAR S.A;SP;08708980000193;662926445.78;220975481.93;122775029.46
GOCARE PLANOS DE SAUDE LTDA;SP;40187311000126;662791073.08;220930357.69;91109263.67
UNIMED CENTRO SUL FLUMINENSE COOPERATIVA DE TRABALHO MÃDICO;RJ;39210844000100;658969428.17;219656476.06;125134565.77
UNIMED BARBACENA - COOPERATIVA DE TRABALHO MÃDICO LTDA;MG;25810946000144;652618639.35;217539546.45;124404536.88
UNIMED DE LINS - COOPERATIVA DE TRABALHOS MÃDICOS;SP;71695746000105;650920732.47;216973577.49;105286311.18
UNIMED SAÃDE E ODONTO S.A;SP;10414182000109;646725207.51;215575069.17;121646880.08
CAIXA DE ASSISTÃNCIA DOS EMPREGADOS DO SISTEMA FINANCEIRO BANESTES;ES;28502128000172;645595576.6;215198525.53;104837751.58
UNIMED CABO FRIO COOPERATIVA TRABALHO MÃDICO LTDA.;RJ;27626696000112;639859149.3;213286383.1;116163497.86
UNIODONTO DE CAMPINAS COOPERATIVA ODONTOLÃGICA;SP;51304798000104;636525321.28;212175107.09;113627254.48
UNIMED ARAGUARI COOPERATIVA DE TRABALHO MÃDICO ;MG;20909271000171;634499741.63;211499913.88;110446311.92
IRMANDADE DA SANTA CASA DE MISERICORDIA DE LIMEIRA;SP;51473692000126;633044848.64;211014949.55;112245192.13
VIVACOM PLANOS DE SAÃDE;GO;37880952000157;621003731.39;207001243.8;107889474.74
UNIMED EXTREMO OESTE CATARINENSE COOPERATIVA DE TRABALHO MÃDICO;SC;80653975000158;619628520.58;206542840.19;103194233.36
UNIMED MURIAÃ COOPERATIVA DE TRABALHO MEDICO LTDA;MG;25971433000115;608170574.15;202723524.72;102334625.75
UNIMED NOROESTE DO PARANÃ COOP DE TRABALHO MÃDICO .;PR;81710865000143;607384402.34;202461467.45;116935060.47
ASSOCIAÃÃO DE ASSISTÃNCIA Ã SAÃDE DA AMAGIS;MG;07781345000179;605307013.21;201769004.4;110233677.47
UNIMED MEIO OESTE CATARINENSE COOPERATIVA DE TRABALHO MÃDICO;SC;01356020000162;594802961.38;198267653.79;100166827.45
UNIMED NORTE PIONEIRO - COOPERATIVA DE TRABALHO MÃDICO;PR;78953023000108;582152195.45;194050731.82;105890457.53
UNIMED CENTRO PAULISTA - FEDERAÃÃO INTRAFEDERATIVA DAS COOPERATIVAS MÃDICAS;SP;03230123000107;578520368.11;192840122.7;99648791.53
PARANA ASSISTENCIA MEDICA LTDA;PR;82353079000107;578428718.41;192809572.8;105473467.53
PLAMED PLANO DE ASSISTENCIA MEDICA LTDA;SE;15594468000129;577500711.4;192500237.13;103355990.0
UNIMED LAVRAS COOPERATIVA DE TRABALHO MÃDICO;MG;66477217000103;572847802.95;190949267.65;101773171.87
ESMALE ASSISTENCIA INTERNACIONAL DE SAUDE LTDA.;AL;37135365000133;571156320.26;190385440.09;96029955.4
ASSOCIAÃÃO DE SAÃDE DOS FORNECEDORES DE CANA DE PIRACICABA E REGIÃO;SP;15022430000181;568754485.12;189584828.37;103341374.74
UNIMED ALTA MOGIANA COOPERATIVA DE TRABALHO MÃDICO;SP;57214900000159;568391562.21;189463854.07;101973737.71
UNIMED DE GUARATINGUETA-COOPERATIVA DE TRABALHO MÃDICO;SP;45207131000182;566049729.67;188683243.22;100211068.47
SULMED - ASSISTÃNCIA MÃDICA LTDA;RS;90747908000156;565410154.07;188470051.36;104405073.39
AMEPLAN ASSISTÃNCIA MÃDICA PLANEJADA LTDA;SP;67839969000121;562904837.64;187634945.88;84716509.81
FUNDACAO LEONOR DE BARROS CAMARGO;SP;60499365000134;556173718.4;185391239.47;101598191.69
CAIXA ASSISTENCIAL UNIVERSITÃRIA DO RIO GRANDE DO NORTE;RN;02172353000102;552921322.31;184307107.44;95413957.48
UNIMED TRÃS RIOS COOPERATIVA DE TRABALHO MÃDICO;RJ;00946953000147;549263308.25;183087769.42;92132436.39
UNIMED DE IBITINGA COOPERATIVA DE TRABALHO MÃDICO;SP;00494870000164;542627973.11;180875991.04;90675791.64
UNIMED DE SOBRAL SOCIEDADE COOPERATIVA MÃDICA LTDA;CE;07649106000160;541815149.2;180605049.73;97096376.14
UNIMED VALE DAS ANTAS, RS - COOPERATIVA DE ASSISTÃNCIA Ã SAÃDE LTDA.;RS;92128610000193;540130773.4;180043591.13;72392400.47
MATÃO CLINICAS & AMHMA SAÃDE LTDA;SP;50432863000106;540016012.11;180005337.37;90097940.69
UNIMED SUL PAULISTA - COOPERATIVA DE TRABALHO MÃDICO;SP;57149775000140;539633772.57;179877924.19;92437633.56
Reg. ANS 477;N/D;N/D;532301532.48;532301532.48;0.0
CAIXA DE ASSISTÃNCIA Ã SAUDE DOS EMPREGADOS DA CODEVASF - CASEC;DF;03702977000149;529577651.06;176525883.69;75554216.82
AMHE MED ASSISTENCIA A SAUDE LTDA - EPP;SP;29174910000172;529344035.77;176448011.92;139856206.55
ASSOCIAÃÃO MINEIRA DE ASSISTÃNCIA Ã SAÃDE DOS MEMBROS DO MINISTÃRIO PÃBLICO;MG;11177786000133;527397989.27;175799329.76;95045266.85
ASSOCIAÃÃO DE ASSISTÃNCIA MÃDICO HOSPITALAR DOS MAGISTRADOS DO ESTADO DO PARANÃ;PR;07945024000162;523737500.21;174579166.74;101367433.2
BEST SENIOR OPERADORA DE SAÃDE LTDA;ES;32421708000102;519254549.34;173084849.78;114489678.01
HOSPITAIS E CLÃNICAS DO PIAUÃ S/S LTDA;PI;00885918000165;514005201.38;171335067.13;90879755.64
TEMPO MED PLANO DE SAUDE LTDA;SC;41432461000110;511827276.07;170609092.02;113092047.37
SUL AMÃRICA ODONTOLÃGICO S/A;SP;11973134000105;511644886.36;170548295.45;85101344.24
ASSOCIAÃÃO DE SAÃDE DO VALE;SC;35657268000185;509537387.84;169845795.95;95724633.5
UNIMED CAÃADOR COOPERATIVA DE TRABALHO MÃDICO DA REGIÃO DO CONTESTADO;SC;01569902000106;506272669.62;168757556.54;90089393.6
SANTA CASA DE MISERICORDIA DE SAO JOAQUIM DA BARRA;SP;59849182000112;503546557.24;167848852.41;90251890.99
AMHA SAUDE S/A;SP;15131148000132;500562632.74;166854210.91;83817374.65
UNIMED SÃO LOURENÃO COOPERATIVA DE TRABALHO MÃDICO;MG;25471574000179;497167728.3;165722576.1;81592044.43
SISTEMAS E PLANOS DE SAÃDE LTDA.;SP;02852017000100;494965666.62;164988555.54;83192368.66
UNIMED ITUIUTABA COOPERATIVA TRABALHO MÃDICO LTDA.;MG;41871989000196;494217043.95;164739014.65;84131364.01
ASSOCIAÃÃO DO PLANO DE SAÃDE DA SANTA CASA DE MISERICÃRDIA DE ITABUNA - PLANSUL;BA;15713057000105;493287872.51;164429290.84;82581516.34
UNIMED ITAÃNA COOPERATIVA DE TRABALHO MÃDICO LTDA.;MG;71063853000110;492202924.57;164067641.52;82506719.84
UNIMED COSTA VERDE RJ;RJ;36540979000138;490413999.36;163471333.12;78259978.83
INSTITUIÃÃO BENEFICENTE CEL MASSOT - IBCM;RS;92827666000136;489523476.92;163174492.31;97451666.25
UNIMED DE PINDAMONHANGABA - COOPERATIVA TRABALHO MEDICO;SP;47565155000139;488993148.3;162997716.1;81816871.43
ELETROS SAÃDE - ASSOCIAÃÃO DE ASSISTÃNCIA Ã SAÃDE;RJ;34844263000107;487841853.06;162613951.02;95169825.91
CAIXA DE ASSISTÃNCIA Ã SAÃDE DO SINDICATO DOS FUNCIONÃRIOS INTEGRANTES DO GRUPO OCUPACIONAL ADMINISTRAÃÃO TRIBUTÃRIA DO ESTADO DE PERNAMBUCO;PE;11996146000155;486341855.17;162113951.72;88860227.95
UNIMED NOROESTE FLUMINENSE - COOPERATIVA DE TRABALHO MÃDICO LTDA;RJ;28974020000182;483420166.5;161140055.5;83853219.57
Reg. ANS 349534;N/D;N/D;480490131.83;240245065.92;130646749.12
UNIMED NORTE PAULISTA - COOPERATIVA DE TRABALHO MÃDICO;SP;69087922000184;478811383.69;159603794.56;80923187.12
FUNDAÃÃO LIBERTAS DE SEGURIDADE SOCIAL;MG;20119509000165;474439536.11;158146512.04;80136349.61
PRONTOMED PLANOS DE SAÃDE LTDA;MG;20168589000149;470505400.95;156835133.65;83893401.2
COOPERATIVA DE TRABALHO MÃDICO DO PLANALTO NORTE DE SANTA CATARINA LTDA;SC;85177194000158;469993284.81;156664428.27;78966115.81
SAMOC S.A. - SOCIEDADE ASSISTENCIAL MÃDICA E ODONTO CIRÃRGICA;RJ;33721226000130;468000272.35;156000090.78;80364632.1
SÃO FRANCISCO ASSISTÃNCIA MÃDICA LTDA;PE;03098226000165;466440595.88;155480198.63;81966971.56
ASSOCIAÃÃO MAIS SAÃDE SANTA CASA DE SÃO JOÃO DA BOA VISTA;SP;15323270000100;465997845.73;155332615.24;91694252.38
UNIMED GUAXUPÃ COOPERATIVA DE TRABALHO MEDICO;MG;26291484000169;463004315.98;154334771.99;81558858.66
PLADISA PLANOS DE SAÃDE SA;SC;17897995000138;462346479.11;154115493.04;80805294.92
ASSOCIAÃÃO SÃO LUIZ SAÃDE;SP;27067508000163;455024610.27;151674870.09;72049176.5
UNIMED DE LORENA COOPERATIVA DE TRABALHO MÃDICO;SP;48717516000188;445093169.1;148364389.7;72586589.64
COOPERATIVA DE TRABALHO MEDICO REGIÃO DO PLANALTO SERRANO;SC;85246916000189;443737349.6;147912449.87;85701802.14
DENTAL UNI - COOPERATIVA ODONTOLÃGICA;PR;78738101000151;443374915.95;147791638.65;77517658.2
UNIMED MARQUES DE VALENÃA COOPERATIVA DE TRABALHO MÃDICO LTDA.;RJ;00368318000120;442330246.55;147443415.52;83230724.1
CAIXA DE ASSISTÃNCIA DOS FUNCIONÃRIOS DO BANCO DA AMAZÃNIA - CASF;PA;04204285000133;441392730.77;147130910.26;62326990.46
SÃO DOMINGOS SAÃDE- ASSISTÃNCIA MÃDICA  LTDA;SP;00636975000100;440852868.01;146950956.0;81178800.78
UNIMED ALTO DA SERRA - SOCIEDADE COOPERATIVA DE SERVIÃO MÃDICO LTDA.;RS;88732318000108;440608876.85;146869625.62;78149039.93
IRMANDADE DE MISERICÃRDIA DO HOSPITAL DA SANTA CASA DE MONTE ALTO;SP;52852100000140;439239238.43;146413079.48;76979219.41
AMAZÃNIA PLANOS DE SAÃDE LTDA;PA;16926969000128;437772013.53;145924004.51;78205475.24
UNIMED DE BIRIGUI - COOPERATIVA DE TRABALHO MÃDICO;SP;65732836000126;437562294.7;145854098.23;74889069.15
VITA ASSISTÃNCIA A SAÃDE LTDA.;MG;01648339000161;433229504.78;144409834.93;115749457.17
PLANO DE SAUDE ASES LTDA.;RJ;03638220000133;430652800.88;143550933.63;73454845.98
UNIMED PATROCÃNIO COOPERATIVA DE TRABALHO MÃDICO LTDA.;MG;41687179000184;425595518.0;141865172.67;76582628.21
COOPERATIVA DE TRABALHO MEDICO DE ARAGUAÃNA - UNIMED ARAGUAÃNA;TO;25064148000110;423936554.25;141312184.75;74094753.4
UNIMED REGIONAL DE TRES LAGOAS COOPERATIVA DE TRABALHO MÃDICO;MS;03980208000102;419435696.87;139811898.96;76539784.76
UNIMED DE AVARÃ COOPERATIVA DE TRABALHO MÃDICO;SP;50368034000101;410296345.26;136765448.42;70641751.01
LEADER ASSISTÃNCIA MÃDICA E HOSPITALAR LTDA.;SP;02127779000136;409396113.09;136465371.03;61523245.47
UNIMED VALE DO JAURU COOPERATIVA DE TRABALHO MÃDICO;MT;70523899000102;408822670.91;136274223.64;66134340.02
ASSOCIAÃÃO POLICIAL DE ASSISTÃNCIA Ã SAÃDE DE BAURU;SP;00147571000153;408646806.86;136215602.29;71240219.11
ANAFE SAUDE;GO;45981176000100;408403003.92;136134334.64;68068118.11
IRMANDADE DA SANTA CASA DE MISERICÃRDIA DE PASSOS;MG;23278898000160;401094566.29;133698188.76;69956321.17
UNITY SERVIÃOS INTEGRADOS DE SAÃDE LTDA.;DF;46426569000114;400225972.62;133408657.54;79109962.1
UNIMED ALTO SÃO FRANCISCO COOPERATIVA DE TRABALHO MÃDICO;MG;42889436000123;396198468.15;132066156.05;70795435.02
UNIMED DE BARRETOS COOPERATIVA DE TRABALHO MÃDICO;SP;71925531000133;396172147.76;132057382.59;72611818.14
SAÃDE BRASIL ASSISTÃNCIA MÃDICA LTDA.;SP;28633372000174;393177485.73;131059161.91;84090640.13
ASSOCIAÃÃO SAÃDE SÃO JOSÃ;SC;11867361000156;391624376.22;130541458.74;71963023.21
CAIXA DE ASSISTÃNCIA SISTEMA SAÃDE INTEGRAL-SSI SAUDE;RS;00668790000188;386910187.06;128970062.35;74166463.78
UNIMED DE CAPIVARI -COOPERATIVA DE TRABALHO MÃDICO;SP;59499251000105;385610454.16;128536818.05;66703056.31
UNIMED DE ANDRADINA - COOPERATIVA DE TRABALHO MÃDICO;SP;02687852000124;385442542.88;128480847.63;71364208.36
MAIS SAÃDE PLANO DE SAÃDE LTDA;GO;00395266000180;381140569.35;127046856.45;71183013.11
CAIXA DE ASSISTÃNCIA AOS MEMBROS DA DEFENSORIA PÃBLICA DO ESTADO DO RIO DE JANEIRO;RJ;27085968000114;379692501.25;126564167.08;71082843.6
ÃNICA ASSISTENCIA MEDICA LTDA ;SP;33379144000150;379587150.81;126529050.27;64764709.13
GS PLANO GLOBAL DE SAÃDE LTDA;RJ;04165719000133;373571284.91;124523761.64;67825647.82
IRMANDADE DE MISERICORDIA DE PORTO FERREIRA;SP;55189930000127;372958965.6;124319655.2;69681210.25
UNIMED DE TAUBATÃ COOPERATIVA DE TRABALHO MÃDICO;SP;45171402000197;370294825.14;123431608.38;64441052.62
ASSOCIAÃÃO FUNDO DE PROTEÃÃO Ã SAÃDE;PR;08883265000197;363855587.89;121285195.96;62802742.73
ASSOCIAÃÃO DOS AUDITORES FISCAIS DO ESTADO DA PARAÃBA - AFRAFEP;PB;09306242000182;363781041.38;121260347.13;62739632.09
UNIMED DE TUPA COOPERATIVA DE TRABALHO MÃDICO;SP;56762172000157;357137370.37;119045790.12;62099803.49
SANTA CASA DE MISERICÃRDIA DE VOTUPORANGA;SP;72957814000120;346117327.63;115372442.54;59297441.82
UNIMED CATAGUASES COOPERATIVA DE TRABALHO MÃDICO LTDA;MG;64327059000171;344758655.53;114919551.84;59631452.76
UNIMED DE PIRASSUNUNGA COOPERATIVA DE TRABALHO MÃDICO;SP;00840048000108;337576942.12;112525647.37;64937420.98
UNIMED VIÃOSA - COOPERATIVA DE TRABALHO MÃDICO;MG;66343534000129;336339801.32;112113267.11;59566574.81
ASSOCIAÃÃO DOS FUNCIONÃRIOS DO FISCO DO ESTADO DE GOIÃS;GO;00299149000113;335596329.35;111865443.12;61020995.96
CONFERÃNCIA SÃO JOSÃ DO AVAÃ;RJ;29640612000120;334960900.08;111653633.36;69393869.19
UNIMED DE MOCOCA COOPERATIVA DE TRAB. MÃDICO;SP;00552181000169;334010110.6;111336703.53;61911479.15
UNIMED DE UBA COOPERATIVA DE TRABALHO MEDICO;MG;25686544000180;331199101.98;110399700.66;62569911.24
UNIMED DE MINEIROS COOPERATIVA DE TRABALHO MÃDICO ;GO;37898335000189;325864594.32;108621531.44;58178169.99
ASSOCIAÃÃO PARANAENSE DE ASSISTÃNCIA Ã SAUDE DOS MEMBROS DO MINISTERIO PUBLICO DO PARANÃ;PR;12049486000131;325135572.1;108378524.03;53500218.67
PLANO ODONTOLÃGICO DENTALVIDAS LTDA.;SP;05983170000157;324752788.96;108250929.65;60606242.7
ASSOCIAÃÃO POLICIAL DE ASSISTÃNCIA Ã SAÃDE;SP;71559272000174;323060913.52;176121549.23;95011221.72
OPERADORA DE PLANOS PRIVADOS DE SAÃDE - SANTA CASA SAÃDE LTDA;MS;20918393000124;322430352.83;107476784.28;53842343.8
INTERMEDICI PIRACICABA ASSISTENCIA MEDICA LTDA;SP;62476676000103;322367488.06;107455829.35;60924361.9
CAIXA DE ASSISTÃNCIA DOS MAGISTRADOS DE PERNAMBUCO;PE;35617257000171;318712758.54;106237586.18;58241522.55
UNIMED TRÃS CORAÃÃES COOPERATIVA DE TRABALHO MÃDICO LTDA.;MG;42855999000109;314912380.48;104970793.49;57417366.69
UNIMED PONTAL DO TRIÃNGULO - COOPERATIVA DE TRABALHO MÃDICO;MG;00730439000170;313520928.26;104506976.09;49988622.74
UNIMED NORTE DO PARANÃ COOPERATIVA REGIONAL DE TRABALHO MÃDICO;PR;80297161000128;313423601.18;104474533.73;53728686.74
UNIMED VILHENA - COOPERATIVA DE TRABALHO MEDICO LTDA;RO;01659087000176;307118382.67;102372794.22;75086021.9
UNIMED NOROESTE DE MINAS COOPERATIVA DE TRABALHO MEDICO LTDA;MG;41905498000119;302865803.03;100955267.68;56971468.88
UNIODONTO DE SÃO JOSÃ DOS CAMPOS COOPERATIVA DE TRABALHO ODONTOLÃGICO;SP;73162760000179;301524494.81;100508164.94;54467552.79
UNIMED GURUPI COOPERATIVA DE TRABALHO MÃDICO;TO;01476619000130;300694881.84;100231627.28;50909174.62
UNIMED CARATINGA - COOPERATIVA DE TRABALHO MÃDICO LTDA;MG;26368613000170;299681797.54;99893932.51;50569425.43
FUNDAÃÃO FILANTRÃPICA E BENEFICENTE DE SAÃDE ARNALDO GAVAZZA FILHO;MG;26150979000178;294870038.22;98290012.74;52977924.54
UNIMED VALE DO PIQUIRI-COOPERATIVA DE TRABALHO MÃDICO VALE DO PIQUIRI ;PR;80525652000189;294807297.42;98269099.14;51781991.76
AMEP FREGUESIA OPERADORA DE PLANO DE SAUDE LTDA;RJ;04257073000114;293974479.25;97991493.08;48137514.34
UNIMED VERTENTE DO CAPARAÃ - COOPERATIVA DE TRABALHO MÃDICO LTDA;MG;71499792000139;282992154.04;94330718.01;49790408.09
UNIMED FRUTAL COOPERATIVA DE TRABALHO MEDICO LTDA;MG;02248344000140;282970152.9;94323384.3;45984258.73
BRASILDENTAL OPERADORA DE PLANOS ODONTOLÃGICOS S.A.;SP;19962272000109;279490436.9;93163478.97;52537427.16
UNIMED PLANALTO CENTRAL/RS - COOPERATIVA DE ASSISTÃNCIA  Ã SAÃDE LTDA.;RS;89100135000132;279111408.3;93037136.1;53746569.27
POLI SAUDE OPERADORA DE PLANO DE SAUDE LTDA;PR;02896924000143;276185692.5;92061897.5;50242886.06
UNIMED DE SAO JOSÃ DO RIO PARDO-COOP. DE TRAB. MÃDICO;SP;96182068000108;272425940.91;90808646.97;49485619.89
SF SISTEMAS DE SAÃDE LTDA;SP;02753398000162;270533651.67;90177883.89;54856359.92
AMPARA ASSISTÃNCIA MÃDICA PARAÃSO LTDA;MG;20946877000187;269725173.01;89908391.0;45757670.1
UNIMED REGIÃO DA CAMPANHA/RS - COOPERATIVA DE ASSISTÃNCIA Ã SAÃDE LTDA.;RS;89640452000141;268425387.74;89475129.25;48126788.37
FUNDAÃÃO DE ASSISTÃNCIA Ã SAÃDE DA ASSOCIAÃÃO DO MINISTÃRIO PÃBLICO DO RIO GRANDE DO SUL;RS;25063964000100;265555720.98;88518573.66;52765024.87
PREVIDENT ASSISTÃNCIA ODONTOLÃGICA S.A;SP;56269913000162;265053230.03;88351076.68;44564592.39
UNIMED LEOPOLDINA COOPERATIVA DE TRABALHO MÃDICO LTDA;MG;42936518000181;257380623.76;85793541.25;52921105.95
UNIMED ALFENAS COOPERATIVA DE TRABALHO MEDICO;MG;42946061000196;252220267.57;84073422.52;45419173.38
UNIMED SUDOESTE DE MINAS COOPERATIVA DE TRABALHO MÃDICO;MG;71064539000152;251567136.13;83855712.04;50431585.67
UNIMED DE DRACENA - COOPERATIVA DE TRABALHO MÃDICO;SP;68204486000113;251093021.7;83697673.9;44084946.56
UNIMED DE ADAMANTINA-COOPERATIVA DE TRABALHO MÃDICO;SP;00262338000111;250339046.63;83446348.88;43840773.68
TERRAMAR ADMINISTRADORA DE PLANO DE SAUDE LTDA;BA;03773153000160;243845348.63;81281782.88;48528775.0
FUNDAÃÃO FIAT SAÃDE E BEM ESTAR;MG;12838821000180;243461950.87;81153983.62;43612001.61
ASSOCIAÃÃO PLANO DE SAÃDE SANTA CASA DE VALINHOS;SP;20961779000119;243049797.74;81016599.25;42674629.09
UNIMED-RIO COOPERATIVA DE TRABALHO MEDICO DO RIO DE JANEIRO;RJ;42163881000101;241106516.01;241106516.01;0.0
ASSOCIAÃÃO POLICIAL DE ASSISTÃNCIA Ã SAÃDE DE RIBEIRÃO PRETO (APAS);SP;72918287000144;240486497.35;80162165.78;40935714.59
SOCIEDADE BENEFICENTE DEZOITO DE JULHO;MG;16608812000154;235923603.62;78641201.21;41700766.27
SBC SAÃDE LTDA.;SP;03977587000181;235683793.25;78561264.42;38333130.28
PLAMER PLANO MEDICO RESENDE LTDA;RJ;68682715000105;234766785.7;78255595.23;35560974.72
ASSOCIAÃÃO FCA SAÃDE;MG;33922160000147;233950302.26;77983434.09;43285575.41
UNIMED SÃO SEBASTIÃO DO PARAÃSO COOPERATIVA DE TRABALHO MÃDICO;MG;66453168000160;233000952.78;77666984.26;40400109.16
UNIMED CALDAS NOVAS - COOPERATIVA DE TRABALHO MEDICO;GO;00342481000113;230934944.91;76978314.97;39259014.48
FILOSANITAS SAUDE LTDA;SP;03637776000105;230835416.75;76945138.92;42995165.47
UNIMED DE MONTE ALTO - COOPERATIVA DE TRABALHO MÃDICO;SP;67577171000159;228529098.86;76176366.29;39679418.93
IRMANDADE DA SANTA CASA DE MISERICÃRDIA E MATERNIDADE DONA ZILDA SALVAGNI;SP;72127210000156;227215356.03;75738452.01;39766172.63
UNIMED TRÃS PONTAS - COOPERATIVA DE TRABALHO MÃDICO;MG;64388812000139;219319684.61;73106561.54;38334132.26
UNIMED DE REGISTRO COOPERATIVA DE TRABALHO MÃDICO;SP;45467404000128;218577600.99;72859200.33;36588488.52
ASSOCIACAO DOS PROFESSORES UNIVERSITÃRIOS DA BAHIA;BA;13100755000100;218234459.54;72744819.85;38709916.98
ASSOCIAÃÃO DOS AUDITORES FISCAIS DA RECEITA ESTADUAL DO RIO DE JANEIRO;RJ;34011288000111;217972964.24;72657654.75;33092842.97
ADVANCE PLANOS DE SAÃDE LTDA;SP;02041808000142;213512863.5;71170954.5;39025629.73
UNIMED VALE DO CORUMBÃ COOPERATIVA DE TRABALHO MEDICO;GO;00747041000146;211033520.46;70344506.82;38466285.07
UNIMED REGIONAL DE FLORIANO - COOPERATIVA DE TRABALHO MÃDICO;PI;41511429000120;209892125.61;69964041.87;35774749.93
TRINO - ALIANCA FILANTRÃPICA DE ASSISTÃNCIA E INTEGRAÃÃO PARA O DESENVOLVIMENTO DA SAUDE;ES;37020290000145;208885321.17;69628440.39;40377902.25
PRONTOCLINICA E HOSPITAIS SAO LUCAS S/A;MG;22666341000133;207108493.31;69036164.44;37503494.72
UNIMED REGIÃO DA FRONTEIRA - RS COOPERATIVA DE ASSISTÃNCIA Ã SAÃDE LTDA.;RS;92316124000107;205772830.31;68590943.44;36434762.88
ASSOCIAÃÃO DOS EMPREGADOS DA COMPANHIA ESTADUAL DE HABITAÃÃO E OBRAS PÃBLICAS - ASSEC;SE;13170410000122;205336408.35;68445469.45;38054765.95
FEDERAÃÃO DAS COOP ODONTOLÃGICAS DO ESTADO DE SANTA CATARINA;SC;07270625000112;203844874.0;67948291.33;38462275.49
ASSOCIAÃÃO SANTA CASA CLÃNICAS DE BIRIGUI;SP;24807514000111;203313215.14;67771071.71;35590826.64
SV SAUDE ADMINSTRADORES DE PLANO DE SAUDE LTDA;RJ;04002216000147;202676183.79;67558727.93;37080720.2
UNIODONTO BELÃM - COOPERATIVA DE ASSISTÃNCIA Ã SAÃDE ODONTOLÃGICA;PA;15308521000188;202580101.48;67526700.49;36722290.87
FUNDACAO CAPITAL PREVIDENCIA E SAUDE - CAPITAL PREV;ES;00580481000151;202149967.08;101074983.54;44300357.62
ASSOCIAÃÃO POLICIAL DE ASSISTÃNCIA A SAÃDE DA BAIXADA SANTISTA;SP;00034259000153;199266796.86;66422265.62;32290894.39
CAIXA DE ASSISTÃNCIA DOS EMPREGADOS DO BANESE;SE;13086566000120;198859087.18;66286362.39;33369620.24
PB ASSISTENCIA MEDICA EU LTDA;BA;38272479000198;196603096.38;65534365.46;42772772.21
CAIXA DE ASSISTÃNCIA DOS EMPREGADOS DO BANEB;BA;15215452000168;195905780.0;65301926.67;27942006.88
UNIX SAÃDE S.A;BA;11076382000153;195353764.67;65117921.56;33837746.84
ASSOCIAÃÃO POLICIAL DE ASSISTÃNCIA Ã SAÃDE DE ARAÃATUBA (APAS);SP;59762062000183;191655793.68;63885264.56;31394550.82
SANTA CASA DE MISERICORDIA HOSPITAL SÃO VICENTE;SP;59901454000186;190805667.68;63601889.23;33703583.58
UNIMED SUDOESTE PAULISTA COOPERATIVA DE TRABALHO MÃDICO;SP;66916305000156;186594854.61;62198284.87;32010970.45
EVANGELICO SAUDE LTDA.;PR;02989632000155;179722097.33;59907365.78;29630296.92
ASSOCIAÃÃO SAÃDE CONCEIÃÃO;SC;02903477000102;177740495.42;59246831.81;32994765.07
PESSOAL SAÃDE PLANOS DE ASSISTÃNCIA MÃDICA LTDA;SP;17146846000137;176761384.26;58920461.42;31078942.03
ASSOCIAÃÃO GOIANA DO MINISTÃRIO PÃBLICO;GO;02220135000198;176130204.34;58710068.11;31500389.13
UNIMED REGIÃO DA PRODUÃÃO/RS - COOPERATIVA DE ASSISTÃNCIA Ã SAÃDE LTDA;RS;00532888000103;174060848.97;58020282.99;33304872.88
ASSOCIAÃÃO POLICIAL DE ASSISTÃNCIA Ã SAÃDE;SP;57272510000135;173961772.43;176121549.23;95011221.72
COOPERATIVA DOS USUÃRIOS DE SERVIÃOS DE SAÃDE LTDA.;RS;03268622000193;171697124.54;57232374.85;32344864.35
UNIMED CACERES COOPERATIVA DE TRABALHO MÃDICO ;MT;01143922000110;171078034.05;57026011.35;28415179.58
FEDERAÃÃO DAS SOCIEDADES COOPERATIVAS DE TRABALHO MÃDICO DO ACRE, AMAPÃ, AMAZONAS, PARÃ, RONDONIA E RORAIMA;AM;84112481000117;170960046.94;170960046.94;0.0
ATÃVIA SERVIÃOS DE SAÃDE S/A;SP;69289171000189;170387518.16;85193759.08;17962686.62
UNIODONTO DE FORTALEZA COOPERATIVA DE TRABALHO ODONTOLOGICO LTDA;CE;23725062000166;168917725.74;56305908.58;29378427.96
BIO SAÃDE SERVIÃOS MÃDICOS LTDA;SP;03123146000112;164607113.45;54869037.82;26374670.46
AME VVIDA PLANOS DE SAUDE INTEGRADO LTDA.;RO;46614535000153;163169744.42;54389914.81;27372982.05
SANTA CASA DE MISERICÃRDIA E BENEFICÃNCIA PORTUGUESA;SP;55990451000105;162863514.45;54287838.15;32356361.36
CAIXA DE ASSISTÃNCIA DO SINDFISCO - CASSIND;SE;04197511000104;161793279.31;53931093.1;29786594.2
UNIMED ALTO JACUÃ/RS - COOPERATIVA DE ASSISTÃNCIA Ã SAÃDE LTDA;RS;72234164000194;156172954.65;52057651.55;25358881.5
UNIODONTO REGIONAL COOPERATIVA ODONTOLOGICA;MG;26185199000163;155805626.04;51935208.68;28603356.97
SOCIEDADE PORTUGUESA DE BENEFICÃNCIA;RS;92219070000153;154771574.62;51590524.87;27257124.64
Reg. ANS 515;N/D;N/D;151819973.61;50606657.87;15656367.26
MAIS SAUDE S/A;ES;19691730000104;151518875.53;75759437.76;53766750.68
DESBAN - FUNDAÃÃO BDMG DE SEGURIDADE SOCIAL;MG;19969500000164;151037252.6;50345750.87;25139713.63
UNIODONTO PORTO ALEGRE COOPERATIVA ODONTOLOGICA LTDA;RS;88938089000182;149161294.83;49720431.61;31258515.59
UNIODONTO MACEIÃ COOPERATIVA ODONTOLÃGICA;AL;24243925000121;148885331.84;49628443.95;26102574.84
UNIMED DE PENAPOLIS - COOPERATIVA DE TRABALHO MEDICO;SP;00012698000165;148492853.09;49497617.7;29662951.44
UNIDENTIS ASSISTENCIA ODONTOLOGICA LTDA.;PB;04222989000139;147015855.52;49005285.17;24583301.6
UNIODONTO PIRACICABA - COOPERATIVA ODONTOLÃGICA;SP;52204526000197;146188431.15;48729477.05;27135488.52
UNIODONTO/RN - COOPERATIVA ODONTOLOGICA DO RIO GRANDE DO NORTE;RN;08237810000178;145660535.76;48553511.92;25916306.33
UNIMED PATOS - COOPERATIVA DE TRABALHO MÃDICO;PB;08315806000180;144102246.22;48034082.07;26295728.12
UNIMED SÃO JOÃO NEPOMUCENO COOPERATIVA DE TRABALHO MÃDICO LTDA.;MG;71186886000158;142146178.48;47382059.49;24951447.84
UNIODONTO DE SC COOPERATIVA ADMINISTRADORA DE CONTRATOS;SC;02338268000163;141295546.42;47098515.47;25151082.03
UNIMED DE JATAÃ COOPERATIVA DE TRABALHO MÃDICO LTDA.;GO;37652765000116;141126365.45;47042121.82;26791328.71
UNIODONTO GOIANIA COOPERATIVA DE CIRURGIÃES DENTISTAS;GO;00891689000191;139012489.75;46337496.58;25017623.29
ASSOCIAÃÃO VALEPARAIBANA DE ASSISTÃNCIA MÃDICA POLICIAL;SP;00307714000147;137811051.06;45937017.02;16301065.38
SANTA CASA DE SAÃDE - SCS;ES;23053901000147;137612669.42;45870889.81;26578174.91
AURORA SAÃDE LTDA;MG;49955478000164;136895314.67;45631771.56;27983062.6
ATITUDE SAÃDE ASSISTÃNCIA MEDICA LTDA;BA;34732056000152;136650521.39;45550173.8;26462560.17
UNIMED VALE DO CARANGOLA COOPERATIVA DE TRABALHO MEDICO LTDA;MG;86483542000188;136614971.01;45538323.67;24525041.57
HOSPITAL DE PRONTOCLINICA LTDA.;RS;90619818000180;135919250.69;45306416.9;22316374.61
COOPERATIVA DOS USUÃRIOS DE SERVIÃOS DE SAÃDE DO VALE DO RIO DOS SINOS LTDA;RS;72350382000194;135057336.55;45019112.18;22458273.16
UNIMED MACHADO COOPERATIVA DE TRABALHO MEDICO;MG;86584901000193;134068719.21;44689573.07;24281884.08
FUNASA SAÃDE;PB;02618303000106;129948944.34;43316314.78;23289618.06
UNIMED DE CORUMBA COOPERATIVA DE TRABALHO MÃDICO;MS;02018620000183;126536430.18;42178810.06;24186759.75
NACIONAL ODONTO OPERADORA DE PLANOS ODONTOLÃGICOS LTDA.;PE;01867792000169;125532393.21;41844131.07;20846850.88
UNIMED PONTE NOVA COOPERATIVA DE TRABALHO MEDICO LTDA;MG;01012474000116;125361648.16;41787216.05;23504848.03
VIDA TOP MAIS SAÃDE OPERADORA DE PLANOS DE SAÃDE LTDA.;SP;41248894000110;123386163.0;41128721.0;25374631.56
RIO DOCE SAÃDE;ES;29910807000143;119591521.32;39863840.44;22176398.65
ON MED ASSISTÃNCIA MÃDICA LTDA;RS;92240605000178;119303919.09;39767973.03;28893546.2
CARE PLUS ODONTOLOGIA ASSISTENCIAL LTDA.;SP;00856424000152;116744412.72;38914804.24;33394664.29
TOTAL ASSISTÃNCIA MÃDICA HOSPITALAR LTDA;MG;43079723000130;116426691.87;38808897.29;21407145.15
ASSOCIACAO POLICIAL DE ASSISTENCIA A SAUDE DE PRESIDENTE PRUDENTE (APAS);SP;00200720000109;115519249.3;38506416.43;21242128.23
ASSOCIAÃAO UNISAUDE MARAU;RS;89761670000134;114203105.75;38067701.92;18723008.54
VIVENTERIS LTDA;PR;04911101000175;113021365.83;37673788.61;19248976.55
SUL DO PARÃ LTDA;PA;49792664000120;110239524.04;36746508.01;12862848.51
R.M.I. OPERADORA DE SAÃDE INTEGRADA LTDA;SP;25205234000104;110106588.3;55053294.15;17005492.34
UNIODONTO DE JOÃO PESSOA COOPERATIVA ODONTOLÃGICA;PB;12923462000160;109159771.85;36386590.62;16272266.02
UNIMED DO OESTE DA BAHIA COOPERATIVA DE TRABALHO MÃDICO;BA;34063123000193;106485190.77;35495063.59;21534613.08
UNIMED MORRINHOS COOPERATIVA DE TRABALHO MEDICO;GO;02192677000102;105455325.82;35151775.27;21157642.37
UNIMED REGIONAL DE PICOS - COOPERATIVA DE TRABALHO MÃDICO;PI;69612158000119;105142831.72;35047610.57;18070472.4
ASSOCIAÃÃO POLICIAL DE ASSISTÃNCIA A SAÃDE;SP;00444803000135;104670904.77;34890301.59;18552543.21
ODONTO EMPRESAS CONVENIOS DENTARIOS LTDA.;SP;40223893000159;100875186.4;33625062.13;17885240.99
UNIODONTO DO BRASIL CENTRAL NACIONAL DAS COOPERATIVAS ODONTÃLOGICAS;SP;44595858000111;100230181.64;33410060.55;19378532.62
ODONTOGROUP SISTEMA DE SAÃDE LTDA.;DF;02751464000165;97195972.02;32398657.34;17241115.41
ASSOCIAÃÃO DOS SERVIDORES MUNICIPAIS, ESTADUAIS E FEDERAIS DO RIO DE JANEIRO;RJ;29167970000168;96999619.39;32333206.46;16167051.74
FUNDAÃÃO PLAMHUV - PLANO MÃDICO HOSPITALAR DOS HOSPITAIS UNIDOS DE VIÃOSA;MG;14408631000159;96793409.85;32264469.95;18536746.0
ASSOCIACAO DE SAUDE HOLAMBRA;SP;59007799000190;96469830.99;32156610.33;18036712.94
UNIMED SOUSA - COOPERATIVA DE TRABALHO MÃDICO;PB;24294787000100;95253532.32;31751177.44;14434600.61
UNIODONTO PAULISTA-FEDERAÃÃO DAS COOPERATIVAS ODONTOLÃGICAS DO ESTADO DE SÃO PAULO;SP;96396395000162;91959575.08;30653191.69;16785776.95
HOSPITAL CESAR LEITE;MG;22263081000155;90148242.59;30049414.2;17772979.61
OPLAN SAÃDE OPERADORA DE PLANO DE SAÃDE LTDA;RJ;13816250000146;89485004.93;29828334.98;16578764.09
CAIXA DE ASSISTÃNCIA Ã SAÃDE DOS TRABALHADORES NAS INDÃSTRIAS METALÃRGICAS, MECÃNICAS E DO MATERIAL ELÃTRICO DE BRUSQUE;SC;21205801000163;88535846.05;29511948.68;16173486.8
ASSOCIAÃÃO DOS FUNCIONÃRIOS FISCAIS DO ESTADO DO AMAZONAS - AFFEAM;AM;04503249000170;88256722.66;29418907.55;19205771.77
UNIODONTO DE MANAUS - COOPERATIVA ODONTOLÃGICA LTDA.;AM;23031479000129;88145433.54;29381811.18;14494809.72
SOCIEDADE DE ASSISTÃNCIA MÃDICA - SAMEISA;RS;03627391000167;87568503.65;29189501.22;15301873.99
UNIMED CAMPO BELO- COOPERATIVA DE TRABALHO MÃDICO;MG;42939207000176;85588661.44;28529553.81;14083282.05
UNIMED INTRAFEDERATIVA FEDERAÃÃO REGIONAL SUL DE MINAS;MG;01647867000104;84855768.71;28285256.24;15171471.01
ANGELI SISTEMAS DE SAUDE S.A.;PR;03013779000178;82481068.92;27493689.64;14686697.17
ASSOCIAÃÃO BENEFICENTE CATÃLICA;MG;25335803000128;81351255.49;27117085.16;14122350.23
CAIXA ASSISTENCIAL UNIVERSITARIA DO RIO DE JANEIRO;RJ;01052203000194;81080314.4;27026771.47;14223750.59
SISTEMA TOTAL DE SAÃDE LTDA.;SP;53454617000143;79298546.36;26432848.79;13109640.52
HOSPITAL S.P. LTDA.;RS;03044492000105;78817022.9;26272340.97;12513130.56
ASSOCIAÃÃO POLICIAL DE ASSISTENCIA Ã SAUDE DE SAO JOAO DA BOA VISTA;SP;71753297000104;78297093.08;26099031.03;14258453.21
PORTOMED - PORTO SEGURO SERVIÃOS DE SAUDE LTDA;SP;11565995000154;75439982.88;25146660.96;24567374.5
AME-ASSISTÃNCIA MÃDICA A EMPRESAS LTDA;MG;17143876000190;73585594.96;24528531.65;12420577.17
PRIMA VIDA ODONTOLOGIA DE GRUPO LIMITADA;RJ;08787782000162;73258215.05;24419405.02;11414161.38
PLAMESC PLANOS DE SAÃDE LTDA;RJ;19512026000147;73131038.25;24377012.75;11960178.64
UNIODONTO DE AMERICANA COOPERATIVA ODONTOLÃGICA;SP;69015113000167;70385840.11;23461946.7;12876202.63
CONFIANÃA ASSISTÃNCIA MÃDICO HOSPITALAR LTDA;MG;03613857000175;70313460.02;23437820.01;13014910.75
PRONTO SOCORRO CONDE DE MOREIRA LIMA;SP;51628360000173;69835530.58;23278510.19;12972438.57
MEDIC GLOBAL PLANOS DE SAÃDE LTDA.;MG;03548273000163;67667764.6;22555921.53;13601235.88
ORALE ASSISTÃNCIA ODONTOLÃGICA LTDA;BA;03990914000135;67202349.44;22400783.15;11268329.49
ASSOCIACAO CIVIL PRÃ-SAÃDE DOS SERVIDORES DA UNIVERSIDADE ESTADUAL DE PONTA GROSSA;PR;73565319000138;66828592.69;22276197.56;11899568.37
MEDGOLD ASSISTENCIA MEDICA LTDA - ME;MG;14576780000127;66218599.33;22072866.44;11093647.94
SANTA CASA DE MISERICÃRDIA DE TUPÃ;SP;72547623000190;66211440.8;22070480.27;10373555.49
SERVDONTO - PLANO DE ASSISTÃNCIA ODONTOLÃGICA LTDA;SE;05774975000190;65580131.25;21860043.75;11440810.93
ASSOCIAÃÃO UNIVIDA SANTA RITA DO PASSA QUATRO;SP;23557177000199;64005181.29;21335060.43;10600743.41
COMSEDER - COOPERATIVA DE ASSISTÃNCIA MÃDICA DOS SERVIDORES DA SUPLAN E DO DER LTDA;PB;70094578000130;63250979.71;21083659.9;10735493.59
ASSOCIACAO POLICIAL DE ASSISTENCIA A SAUDE DE ITAPETININGA;SP;71565659000133;62746630.26;20915543.42;11055499.91
VOCÃ TOTAL PLANOS DE SAÃDE LIMITADA;SP;37319040000100;60694147.06;30347073.53;10393829.51
TELOS - FUNDAÃÃO EMBRATEL DE SEGURIDADE SOCIAL;RJ;42465310000121;59306053.15;19768684.38;12572671.84
PLANO ASSISTENCIAL SÃO LUCAS LTDA;MG;02513939000185;57592265.31;19197421.77;9320083.92
UNIODONTO UBERABA - COOPERATIVA DE ASSISTÃNCIA Ã SAÃDE ODONTOLÃGICA LTDA;MG;17333055000116;57557332.04;19185777.35;11434656.21
PLENUM ASSISTENCIA MEDICA  LTDA;DF;47432143000136;56914374.79;28457187.4;12656917.56
UNIMED DE BATATAIS - COOPERATIVA DE TRABALHO MÃDICO;SP;52657079000121;56825555.09;18941851.7;10359382.98
UNIMED CAJAZEIRAS - SOCIEDADE COOPERATIVA DE TRABALHO MÃDICO;PB;02314168000105;56568006.55;18856002.18;10037864.29
DONA SAÃDE CLINICAS LTDA ;SP;30505523000150;55074321.81;18358107.27;2700860.87
NOSAMED ASSISTÃNCIA MÃDICA LTDA.;SP;02858169000102;55049916.22;18349972.07;9860618.08
FUNDO DE ASSISTÃNCIA MÃDICO-HOSPITALAR DO MINISTÃRIO PÃBLICO;MS;13026081000140;54319233.44;18106411.15;11622611.78
S1 OPERADORA DE PLANO DE SAÃDE LTDA;DF;27113113000150;53862459.95;17954153.32;10183858.62
UNIODONTO DE SOROCABA COOPERATIVA ODONTOLÃGICA;SP;58702853000155;53818476.8;17939492.27;10100801.55
PERSONAL CARE OPERADORA DE SAÃDE SA;SP;31097886000167;53702176.63;26851088.32;7330504.62
CAIXA BENEFICENTE DOS FUNCIONÃRIOS DO GRUPO IGUAÃU;PR;78304672000188;52938683.46;17646227.82;8121076.9
CEDPLAN SAÃDE LTDA EPP;MG;06814351000112;52367262.26;17455754.09;9554767.43
UNIODONTO DE ARARAQUARA COOPERATIVA ODONTOLÃGICA;SP;65442162000125;51955443.7;17318481.23;9298397.37
UNIMED VALE DO URUCUIA - COOPERATIVA DE TRABALHO MEDICO LTDA;MG;01371135000126;51400536.93;17133512.31;9048924.38
ASSOCIAÃÃO DO FISCO DE ALAGOAS;AL;12317012000123;51308986.57;17102995.52;18444467.22
ASSOCIAÃÃO POLICIAL DE ASSISTÃNCIA Ã SAÃDE DE BARRETOS;SP;72916364000127;50996635.65;16998878.55;8447235.76
CARING SAÃDE ASSISTÃNCIA MÃDICA LTDA.;RJ;36263502000152;49129048.14;16376349.38;8834961.61
SEMPRE ODONTO PLANOS ODONTOLOGICOS LTDA;RJ;04222235000189;48495407.18;16165135.73;8185919.33
UNIODONTO VALE HISTORICO COOPERATIVA ODONTOLOGICA;SP;02149799000108;48117032.24;16039010.75;9186913.16
UNIODONTO DO SUL GOIANO COOPERATIVA ODONTOLOGICA;GO;37256591000172;45708586.06;15236195.35;7545652.91
UNIODONTO DE JUNDIAÃ COOPERATIVA ODONTOLÃGICA;SP;59527440000144;45372616.22;15124205.41;8054310.18
ASSOCIAÃÃO DOS SERVIDORES PÃBLICOS DA ADMINISTRAÃÃO DIRETA DO GOVERNO DO ESTADO DO PARÃ - ASPARÃ;PA;20160828000114;44806701.08;14935567.03;7634965.92
ODONTOART PLANOS ODONTOLÃGICOS LTDA;CE;03187913000157;43705600.69;14568533.56;7713531.37
COOPERATIVA ODONTOLÃGICA POÃOS DE CALDAS;MG;03494031000134;43421808.49;14473936.16;7053715.82
ASSOCIAÃÃO POLICIAL DE ASSISTÃNCIA Ã SAÃDE DE PRESIDENTE VENCESLAU;SP;00648506000101;41708699.1;13902899.7;7148210.52
UNIODONTO ESPIRITO SANTO COOPERATIVA ODONTOLOGICA;ES;02580965000126;41517858.1;13839286.03;7485463.35
ASSOCIAÃÃO HOSPITAL SAÃDE DE VARGEM GRANDE DO SUL;SP;30724638000136;41003883.5;13667961.17;6660079.38
ASSOCIAÃÃO POLICIAL DE ASSISTÃNCIA Ã SAÃDE DE DRACENA;SP;00665690000106;40552252.88;13517417.63;8142389.11
UNIODONTO MARINGA COOPERATIVA ODONTOLOGICA;PR;01367538000100;40426110.44;13475370.15;7502842.42
PRESERVE SAUDE ASSISTENCIA MEDICA LTDA;BA;41929347000109;39359178.11;13119726.04;6211750.93
VALE PLANOS DE SAÃDE LTDA;PE;29754208000188;39160992.68;13053664.23;10417756.94
DENTALPAR ASSISTÃNCIA ODONTOLÃGICA EMPRESARIAL LTDA.;SP;02156150000114;38991493.53;12997164.51;7087648.98
PLANO VIDA SAUDE SERVIÃOS ODONTOLOGICOS LTDA;SE;04430627000133;38603498.93;12867832.98;7440145.91
SEPACO SAÃDE LTDA;SP;03219363000100;37680137.15;12560045.72;6868028.08
UNIODONTO DE PRESIDENTE PRUDENTE COOPERATIVA ODONTOLOGICA;SP;00172586000171;37245446.16;12415148.72;3807568.72
PLANO DE ASSISTÃNCIA MÃDICA MINEIRA LTDA;MG;22027346000116;36442272.29;12147424.1;7882651.74
ASSOCIAÃÃO SAÃDE RURAL ALEGRETE;RS;11336728000105;36206023.75;12068674.58;7864825.45
UNIODONTO DE LONDRINA COOP. ODONTOLÃGICA;PR;82239476000144;35753964.25;11917988.08;6354610.38
SD-M OPERADORA DE PLANOS DE SAUDE LTDA;RJ;28953753000130;35435624.06;11811874.69;6328001.14
AESP ODONTO ASSISTÃNCIA ODONTOLÃGICA S/S LTDA EPP;SP;03694367000140;34903326.71;11634442.24;6744141.42
COOPERATIVA ODONTOLÃGICA DO ESTADO DO AMAPÃ;AP;02254846000183;34785826.82;11595275.61;6181596.41
CAIXA DE ASSISTÃNCIA DOS EMPREGADOS DO SETOR PÃBLICO DO ESTADO DE GOIÃS - CAEME;GO;33601568000117;34724786.58;11574928.86;6397045.01
DENTAL CENTER LTDA;PB;35436658000125;34469673.92;11489891.31;5981047.59
UNIODONTO JACAREÃ COOPERATIVA ODONTOLÃGICA;SP;00531736000196;34465791.96;11488597.32;6211844.36
RODRIGUES LEIRA ODONTOLOGIA LTDA.;SP;07154253000169;34161081.4;11387027.13;6096067.4
ASSOCIACAO DOS SERVIDORES DA EMDAGRO - ASSEM;SE;13083167000105;33324772.81;11108257.6;5814639.65
SAMIG - SERV. DE ASSISTENCIA MEDICA DA ILHA DO GOVERNADOR LTDA;RJ;42425561000182;32953124.36;10984374.79;3636481.03
ASSOCIAÃÃO POLICIAL DE ASSISTÃNCIA Ã SAÃDE DE JAÃ;SP;66491036000123;32841510.43;10947170.14;4614655.61
ASSOCIAÃÃO POLICIAL DE ASSISTÃNCIA Ã SAÃDE APAS;SP;00841848000143;32679010.52;10893003.51;3292205.87
ASSOCIAÃÃO POLICIAL DE ASSISTENCIA A SAUDE DE BOTUCATU;SP;66493339000185;31387752.42;10462584.14;7259884.3
ASSOCIAÃÃO POLICIAL DE ASSISTÃNCIA Ã SAÃDE;SP;59766105000107;31341961.75;176121549.23;95011221.72
CAMIM OPERADORA DE PLANO DE SAÃDE LTDA;RJ;35908607000159;31197929.89;10399309.96;5714534.68
BENEFICENCIA SOCIAL BOM SAMARITANO;MG;22709109000135;30663096.79;10221032.26;6083325.41
DENTAL MASTER LTDA - EPP;AL;04212174000179;30593012.82;10197670.94;5013299.23
HSMED SAUDE LTDA;RJ;29780384000194;29988645.69;9996215.23;5319086.29
MH VIDA - OPERADORA DE PLANOS DE SAÃDE LTDA;RJ;03670297000190;29713370.35;9904456.78;5891609.3
SANTA CASA DE MISERICÃRDIA E ASILO DOS POBRES DE BATATAIS;SP;44945962000199;29175058.68;9725019.56;4604180.29
PD BRASIL ASSISTENCIA ODONTOLOGICA LTDA;MG;36186642000174;27682093.57;9227364.52;3752448.31
ODONTOLIVE OPERADORA DE PLANOS ODONTOLÃGICOS LTDA.;SP;10364053000145;27445901.04;9148633.68;5162527.92
UNIODONTO RS FEDERACAO DAS UNIODONTOS DO RGS LTDA;RS;72120124000111;27159275.7;9053091.9;4625683.11
ASSOCIAÃÃO POLICIAL DE ASSISTÃNCIA Ã SAÃDE - VALE DO RIBEIRA;SP;00642842000147;26683562.07;8894520.69;4136220.92
DENTAL GOLD ASSISTÃNCIA ODONTOLÃGICA LTDA.;PB;01402285000150;26603987.52;8867995.84;4363338.57
SALUSMED OPERADORA DE PLANOS DE SAUDE LTDA;SP;40038813000195;26223317.43;8741105.81;6120493.18
DENTAL PLUS CONVÃNIO ODONTOLÃGICO LTDA.;SP;00571628000147;26109861.7;8703287.23;4694374.67
UNIODONTO DE SERTAOZINHO SP COOPERATIVA ODONTOLOGICA;SP;00826676000139;25565599.46;12782799.73;4135341.57
UNIMED NORTE/NORDESTE-FEDERAÃÃO INTERFEDERATIVA DAS SOCIEDADES COOPERATIVAS DE TRABALHO MÃDICO EM RECUPERAÃÃO JUDICIAL;PB;09237009000195;25119127.28;8373042.43;4698971.21
UNIODONTO DE PINDAMONHANGABA COOP ODONTOLOGICA;SP;02064028000118;25115638.23;8371879.41;2582691.65
ODONT-OPERADORA ODONTOLOGICA LTDA;SP;34907159000106;23689699.09;7896566.36;3555595.16
ASSOC DE ASSIST Ã SAÃDE DOS SERV DAS UNIV E INST FED, EST E/OU FAC PART EM PE;PE;47325263000134;23667300.61;7889100.2;3177330.54
Reg. ANS 345741;N/D;N/D;23443409.78;7814469.93;944943.94
COOPERATIVA DE TRABALHO ODONTOLOGICO - UNIODONTO ITAJUBÃ;MG;25906728000108;22920779.65;7640259.88;4340079.79
YOU ASSISTÃNCIA MÃDICA LTDA.;MG;37354048000108;21938103.97;21938103.97;0.0
ASSOCIAÃÃO PADRE PIO PLANOS DE SAÃDE;SP;25141173000150;21169444.86;7056481.62;3487356.61
PREVENT SENIOR CORPORATE OPERADORA DE SAÃDE LTDA.;SP;04234059000103;20830614.57;6943538.19;2947939.42
PORTO DIAS SAUDE LTDA.;PA;06145428000109;20238175.16;6746058.39;3954406.44
ASSOCIAÃÃO SERVIÃOS ODONTOLÃGICOS DA INDÃSTRIA DE MINAS GERAIS - ODONTOINDUSTRIA;MG;10796140000171;19145522.46;6381840.82;3444379.9
UNIMED VALE DO PARAÃBA - FEDERAÃÃO INTRAFEDERATIVA DAS COOPERATIVAS MÃDICAS;SP;01773319000112;18509054.79;6169684.93;2327265.31
CENTRO DE ENDOCRINOLOGIA DE JUNDIAÃ S/S LTDA;SP;02569472000195;18479493.13;6159831.04;3040954.03
PLANO DE ASSISTÃNCIA ODONTOLÃGICA FAUCHARD LTDA. ME;BA;10767219000174;18307547.2;6102515.73;3268230.31
ÃNIX OPERADORA DE PLANOS DE SAÃDE LTDA;RJ;28023703000154;18190310.24;6063436.75;3903902.59
ASSOCIAÃÃO DOS FISCAIS DE TRIBUTOS ESTADUAIS DO RS - AFISVEC;RS;92911056000116;17844618.09;5948206.03;3655116.52
HEALTH-MED SISTEMA DE SAUDE LTDA;RJ;27047334000177;16815922.98;5605307.66;3332653.13
QUALIDONTO - QUALIDADE EM ODONTOLOGIA LTDA ;BA;10456692000130;16486495.22;5495498.41;3402736.33
CEAM BRASIL - PLANOS DE SAÃDE LTDA;MG;18987107000130;15870222.62;15870222.62;0.0
FUNDO DE ASSISTÃNCIA Ã SAÃDE DOS FUNCIONÃRIOS DO BEC;CE;04839091000104;15813288.75;5271096.25;2459985.11
BLUZZ SAÃDE S/A;ES;54557861000102;15133744.97;5044581.66;4311485.69
UNIODONTO DE MATO GROSSO COOP TRAB ODONTOLOGICO LTDA;MT;37496767000163;14238339.98;4746113.33;2606336.75
MEDHEALTH PLANOS DE SAÃDE LTDA;PR;28310835000167;13912759.51;4637586.5;2570995.47
ODONTO SEG OPERADORA DE PLANOS ODONTOLOGICOS S.A.;SP;14891935000110;13527792.31;4509264.1;1966485.36
Reg. ANS 346870;N/D;N/D;11264788.23;11264788.23;0.0
SANTA CASA DA MISERICÃRDIA DE SÃO JOÃO DEL REI;MG;24729097000136;10859020.55;3619673.52;1707769.77
HOSPITAL DE CARIDADE SÃO VICENTE DE PAULO;PR;77893469000121;10658733.35;3552911.12;188028.72
SAME-SERVIÃO DE ASSISTÃNCIA MÃDICA EMPRESARIAL LTDA.;MA;41369935000127;10238222.86;3412740.95;1631511.89
INNOVA PLANO DE SAUDE LTDA;RO;48982275000102;9999930.93;4999965.46;4352807.87
NOVODENTE S/A;RS;02919940000104;9667846.11;9667846.11;0.0
SISTEMA PREVSAUDE DENTAL LTDA;CE;01672007000112;9530063.9;3176687.97;1555289.66
CASA DE SAÃDE NOSSA SENHORA DE FÃTIMA  LTDA.;CE;05455431000166;8857712.37;2952570.79;1622935.28
SORRIDEN CONVÃNIOS ODONTOLÃGICOS S.A.;SP;19304091000187;8658431.89;2886143.96;1412601.44
INFINITY SAÃDE SUPLEMENTAR LTDA;MT;42785902000120;8525358.59;2841786.2;1936157.12
Reg. ANS 321338;N/D;N/D;8405066.15;2801688.72;699906.97
CROWN ODONTOLOGIA DE GRUPO LTDA;SP;69099307000198;8133114.43;2711038.14;1411829.99
CAIXA SEGURADORA ESPECIALIZADA EM SAÃDE S/A;SP;13223975000120;6395252.16;2131750.72;1179917.43
BRASIL ODONTO OPERADORA DE PLANOS ODONTOLÃGICOS LTDA;TO;31596055000130;6271924.79;2090641.6;939022.24
PLAMEDH - PLANO DE ASSISTÃNCIA MÃDICO-HOSPITALAR LTDA;MG;04299994000140;5673846.0;2836923.0;735122.15
UNIMED ALTO PARANAIBA COOPERATIVA DE TRABALHO MEDICO;MG;00763923000103;5408713.19;1802904.4;802950.4
ODONTO PRIME S/S LTDA;CE;17048922000171;4689928.75;1563309.58;814817.88
EXCELÃNCIA PLANO DE SAÃDE S/A;ES;31763326000102;4235788.36;1411929.45;2232779.92
QUALICORP ADMINISTRADORA DE BENEFÃCIOS S.A.;SP;07658098000118;3787610.27;1262536.76;2210460.18
POLIMÃDICA SAÃDE SOCIEDADE SIMPLES LTDA;RS;93507895000136;3785179.65;1261726.55;628054.22
SAUDIA ASSISTENCIA MÃDICA LTDA;MG;49481538000154;3493507.05;1164502.35;861553.55
ASSISTÃNCIA MÃDICA 12 DE OUTUBRO LTDA;SP;53249803000140;3481027.05;1160342.35;707619.76
G & M ASSESSORIA MEDICA EMPRESARIAL LTDA;RJ;68687722000108;3444288.93;1148096.31;712665.92
PLANO SIGMA SAÃDE LTDA;SP;29117294000118;3410874.65;1705437.32;250081.22
BEMSTAR ASSISTENCIA MEDICA LTDA;BA;45050963000138;2834908.37;944969.46;217434.89
SMART CARE SISTEMAS MÃDICOS E ODONTOLÃGICOS LTDA.;SP;19031941000110;2465151.1;1232575.55;0.0
ALMA ODONTO OPERADORA DE PLANOS ODONTOLOGICOS LTDA;SP;45568546000181;2086854.85;695618.28;83451.96
CLÃNICA SÃO GABRIEL S/S LTDA;SP;51262335000119;1082210.06;360736.69;231444.22
ODILE SERVIÃOS DE SAÃDE LTDA.;SP;40246859000108;943667.94;314555.98;1472982.32
SAGRADA SAÃDE ASSISTÃNCIA MÃDICA LTDA;MG;51212821000122;715061.99;238354.0;207473.96
EVO SAUDE ASSISTENCIA MEDICA LTDA;DF;49754083000101;653752.54;217917.51;340380.14
LIVRI OPERADORA DE PLANO DE SAÃDE LTDA;SP;39149389000177;644399.06;214799.69;189913.37
BIORAL SISTEMA ODONTOLÃGICO LTDA.;SP;14674151000130;530308.8;176769.6;69160.27
PLURAL GESTÃO EM PLANOS DE SAÃDE LTDA;RJ;97553801000116;478569.42;159523.14;147858.55
SOCIODONTO PLANO DE ASSISTÃNCIA ODONTOLÃGICA LTDA;MG;97403778000183;312174.65;156087.33;178558.78
SAUDE SALV ASSISTENCIA MEDICA LTDA;RO;59452478000103;212620.84;212620.84;0.0
VITTA SAUDE ADMINISTRADORA DE BENEFICIOS LTDA.;SP;29604093000145;53132.41;17710.8;15496.05
UNIMED PARAIBA - FEDERAÃAO DAS SOCIEDADES COOPERATIVAS DE TRABALHO MEDICO;PB;40960189000189;37982.33;12660.78;11220.14
ARL ADMINISTRADORA DE BENEFÃCIOS LTDA.;SP;41715325000138;28400.0;9466.67;8198.37
NEXO - ADMINISTRADORA DE BENEFICIOS LTDA;SP;28311619000136;0.0;0.0;0.0
HOSPITAL MATERNIDADE SÃO VICENTE DE PAULO;CE;03284505000113;0.0;0.0;0.0
TOTAL SAUDE  ADMINISTRADORA DE BENEFICIOS EIRELI;ES;42209475000132;0.0;0.0;0.0
UNIC ASSISTENCIA MEDICA LTDA;SP;58554194000157;0.0;0.0;0.0
PRO-SAUDE JARINU ASSISTENCIA MEDICA SUPLEMENTAR LTDA.;SP;49168700000189;0.0;0.0;0.0
BIT LIFE BENEFÃCIOS LTDA;SP;34673588000166;0.0;0.0;0.0
BENEVIX ADMINISTRADORA DE BENEFÃCIOS LTDA;ES;11073058000181;0.0;0.0;0.0
HEALTH ADMINISTRADORA DE BENEFICIOS LTDA;SP;10846369000173;0.0;0.0;0.0
ESPLENDOR ADMINISTRADORA DE BENEFÃCIOS LTDA.;DF;37442364000131;0.0;0.0;0.0
AFFIX ADMINISTRADORA DE BENEFÃCIOS LTDA;SP;11158465000191;0.0;0.0;0.0
Reg. ANS 423742;N/D;N/D;0.0;0.0;0.0
Reg. ANS 418161;N/D;N/D;0.0;0.0;0.0
ELITE SAUDE SERVICOS MEDICOS LTDA.;SP;58434577000191;0.0;0.0;0.0
SALUPLAN ADMINISTRADORA DE BENEFÃCIOS LTDA;SP;19663787000108;0.0;0.0;0.0
ATIMED ASSISTENCIA MEDICA LTDA;SP;59641573000147;0.0;0.0;0.0
AMPLITUDE PLANOS DE SAUDE LTDA ;MG;43047552000168;0.0;0.0;0.0
SAUDE VIVA ADMINISTRADORA DE BENEFICIOS LTDA;SP;54698763000187;0.0;0.0;0.0
BCI ADMINISTRADORA DE BENEFÃCIOS LTDA.;SP;19240452000179;0.0;0.0;0.0
LEXUS ADMINISTRADORA DE BENEFICIOS LTDA;SP;15648898000186;-4083.0;-4083.0;0.0
UP HEALTH ADMINISTRADORA DE BENEFÃCIOS S/A;ES;34811615000110;-12200.42;-6100.21;8627.0
CORPORE ADMINISTRADORA DE BENEFICIOS DA SAUDE LTDA;SP;17670901000193;-42000.0;-14000.0;0.0
VALEM ADMINISTRADORA DE BENEFÃCIOS LTDA;MG;11340037000185;-201265.03;-67088.34;52092.98
QV BENEFÃCIOS EM SAÃDE LTDA;RJ;19679483000120;-609578.7;-203192.9;260607.96
QUALICORP CLUBE DE SAÃDE ADMINISTRADORA DE BENEFÃCIOS LTDA.;SP;17698381000127;-1948449.11;-649483.04;146434.16
INTERCLINICAS PLANO VIDA USA OPERADORA DE SAUDE LTDA;SP;22694698000125;-3062326.4;-1020775.47;1493387.04
UNICONSULT - ADMINISTRADORA DE BENEFICIOS E SERVICOS LTDA;SP;24277422000177;-8118135.89;-2706045.3;2364748.35
ZURICH SANTANDER BRASIL ODONTO LTDA.;SP;14927215000167;-8897294.2;-2965764.73;2117051.73
Reg. ANS 351792;N/D;N/D;-11949119.35;-5974559.67;58604.37
UNIVIDA USA OPERADORA EM SAUDE S/A;SP;34608096000197;-26835086.53;-8945028.84;5803003.62
